District,Chiefdom,Year,Month,Suspected_Cases,Tests_Performed,Confirmed_Cases,Treated_Cases,Presumed_Cases,Admissions,Deaths,OPD_Visits,Population,RDT_Stock_Days,ACT_Stock_Days,SP_Stock_Days,RDT_Stockout_Pct,ACT_Stockout_Pct,SP_Stockout_Pct,IPTp_Coverage,IPTi_Coverage,ANC_1st_Visit,ANC_4Plus,Penta3_Coverage,Malaria_Vaccine,LLIN_Distribution,LLIN_Usage,IRS_Coverage,SMC_Coverage
Bo,Bumpe Ngao,2022,January,903,805,498,482,44,51,1,3413,186000,25,29,26,36,33,35,71,70,84,59,77,45,72,64,31,57
Bo,Bumpe Ngao,2022,February,649,583,391,380,36,40,1,2630,186000,19,26,23,41,34,35,75,66,86,59,81,53,78,54,26,62
Bo,Bumpe Ngao,2022,March,750,647,440,432,24,39,1,2902,186000,24,26,22,41,35,30,69,68,86,65,79,48,78,60,21,49
Bo,Bumpe Ngao,2022,April,1312,1115,719,694,75,83,3,5431,186000,19,26,25,38,29,28,65,59,84,60,81,44,76,58,33,60
Bo,Bumpe Ngao,2022,May,2290,2172,1484,1461,94,174,5,9353,186000,21,29,23,38,36,34,75,58,88,57,82,51,80,59,33,61
Bo,Bumpe Ngao,2022,June,2165,2093,1536,1504,106,170,3,8666,186000,24,27,25,34,32,32,68,64,87,54,78,44,72,64,27,53
Bo,Bumpe Ngao,2022,July,2216,1971,1223,1215,87,123,2,8072,186000,20,26,26,31,37,35,74,62,85,57,83,44,75,59,28,60
Bo,Bumpe Ngao,2022,August,1306,1148,700,684,72,64,1,4962,186000,27,24,23,37,29,35,69,60,86,53,81,38,73,59,21,58
Bo,Bumpe Ngao,2022,September,1933,1673,1188,1181,42,121,5,8076,186000,24,27,24,34,35,33,70,67,82,60,76,41,75,56,31,46
Bo,Bumpe Ngao,2022,October,2178,1977,1174,1135,91,119,3,8804,186000,32,22,23,32,34,28,72,68,87,54,76,42,80,53,27,49
Bo,Bumpe Ngao,2022,November,724,706,521,520,39,45,1,2644,186000,27,21,26,41,31,35,65,67,87,59,80,51,74,61,36,57
Bo,Bumpe Ngao,2022,December,1416,1350,923,921,44,107,4,5464,186000,31,22,23,38,40,33,75,62,82,55,81,37,72,52,35,50
Bo,Kakua,2022,January,860,828,469,445,44,48,1,3139,186000,31,29,25,38,30,29,74,64,86,62,78,35,71,64,29,57
Bo,Kakua,2022,February,1086,951,712,702,49,84,4,3964,186000,21,26,26,37,38,35,68,58,87,50,79,40,72,52,28,63
Bo,Kakua,2022,March,1007,940,698,695,25,61,1,3527,186000,22,25,26,38,34,35,73,59,84,61,82,51,71,55,26,48
Bo,Kakua,2022,April,1389,1194,675,666,80,75,3,5525,186000,18,22,23,40,33,32,70,70,85,64,77,37,79,54,20,60
Bo,Kakua,2022,May,2558,2319,1495,1482,115,147,3,10358,186000,25,27,25,40,35,30,66,70,86,54,83,36,74,64,22,47
Bo,Kakua,2022,June,2515,2323,1477,1422,103,169,8,8942,186000,22,23,25,31,32,35,73,70,87,56,81,30,73,58,24,61
Bo,Kakua,2022,July,2814,2408,1365,1296,161,119,3,10030,186000,17,23,25,28,37,35,68,57,85,51,78,44,76,63,20,59
Bo,Kakua,2022,August,1423,1279,799,787,45,68,3,5332,186000,32,26,26,34,29,35,70,62,86,64,81,45,73,60,40,45
Bo,Kakua,2022,September,2362,2108,1369,1354,139,162,6,8891,186000,17,27,26,33,38,30,66,67,83,59,76,38,72,62,18,50
Bo,Kakua,2022,October,2699,2494,1448,1412,108,127,4,10425,186000,26,23,23,39,35,32,75,60,85,56,81,53,74,66,17,55
Bo,Kakua,2022,November,993,852,632,600,37,62,2,3797,186000,21,21,22,33,30,35,72,68,87,58,84,32,70,63,30,54
Bo,Kakua,2022,December,839,721,460,458,23,38,0,3148,186000,19,22,22,40,28,33,73,61,86,52,79,44,74,65,36,63
Bo,Tikonko,2022,January,911,789,467,461,50,47,1,3504,186000,27,28,26,34,35,35,66,67,86,51,81,33,80,66,35,46
Bo,Tikonko,2022,February,943,919,553,528,33,46,1,3315,186000,23,22,27,39,40,32,67,58,86,53,79,51,70,64,32,51
Bo,Tikonko,2022,March,1189,1068,628,621,46,71,3,4465,186000,25,22,22,39,40,35,73,65,86,65,82,36,73,60,25,44
Bo,Tikonko,2022,April,748,649,408,407,29,44,1,2696,186000,26,21,25,39,38,32,67,57,88,61,84,38,79,67,23,61
Bo,Tikonko,2022,May,2720,2330,1450,1399,144,120,3,11121,186000,26,26,23,28,37,35,66,69,85,53,82,33,74,66,20,52
Bo,Tikonko,2022,June,1815,1700,1176,1168,39,124,5,7223,186000,31,20,24,41,29,29,74,57,85,57,80,52,76,66,39,49
Bo,Tikonko,2022,July,2134,1838,1103,1067,54,107,3,8154,186000,29,21,24,39,40,35,69,61,85,62,77,36,73,55,26,61
Bo,Tikonko,2022,August,2418,2322,1447,1420,67,163,5,8714,186000,30,25,26,37,39,35,66,69,84,59,78,46,74,67,16,59
Bo,Tikonko,2022,September,2049,1741,1170,1125,79,112,5,8515,186000,28,21,25,30,32,29,74,66,87,60,80,46,70,52,40,46
Bo,Tikonko,2022,October,1848,1768,1322,1285,59,151,3,6636,186000,22,20,25,38,28,33,75,68,86,63,83,49,70,66,36,44
Bo,Tikonko,2022,November,755,701,519,510,23,53,2,2806,186000,21,24,23,40,35,35,75,58,85,58,81,51,71,52,29,60
Bo,Tikonko,2022,December,1156,1108,672,644,62,64,3,4834,186000,31,27,27,35,34,30,70,70,85,62,82,42,73,56,31,58
Bo,Valunia,2022,January,1511,1312,802,766,31,85,3,5667,186000,31,26,27,37,34,35,71,70,84,61,82,52,80,53,20,52
Bo,Valunia,2022,February,684,611,338,337,39,33,1,2825,186000,26,22,26,32,31,35,72,66,86,52,83,33,78,58,16,54
Bo,Valunia,2022,March,654,584,391,389,23,33,1,2436,186000,26,29,24,29,28,35,70,62,84,59,80,38,79,53,24,45
Bo,Valunia,2022,April,1129,965,535,526,34,50,1,4676,186000,21,24,22,39,30,35,65,59,83,51,81,41,73,64,21,46
Bo,Valunia,2022,May,1437,1225,870,848,34,80,3,5451,186000,17,25,24,40,38,35,72,65,86,51,76,55,78,52,37,48
Bo,Valunia,2022,June,2771,2586,1518,1493,121,129,6,10955,186000,21,21,27,36,32,35,74,66,83,50,76,31,79,59,28,57
Bo,Valunia,2022,July,1224,1162,780,772,52,86,2,4991,186000,25,20,25,33,39,35,68,63,85,64,77,42,77,60,29,53
Bo,Valunia,2022,August,2370,2050,1435,1392,94,158,5,9769,186000,24,25,26,36,39,34,72,62,85,58,77,36,80,64,18,62
Bo,Valunia,2022,September,2374,2029,1345,1290,123,121,3,8458,186000,18,28,23,36,35,29,74,70,88,60,80,39,74,52,22,44
Bo,Valunia,2022,October,2947,2627,1925,1863,141,195,4,10835,186000,21,27,23,29,30,30,73,63,87,52,84,39,75,63,26,54
Bo,Valunia,2022,November,1186,1079,605,582,39,49,2,4639,186000,27,20,23,29,36,29,73,62,84,64,78,52,80,52,33,44
Bo,Valunia,2022,December,1349,1253,751,715,46,85,3,4735,186000,27,28,24,39,37,32,65,57,87,63,83,32,71,52,27,44
Kenema,Dama,2022,January,737,632,414,410,31,35,0,2739,177000,26,20,24,40,29,35,66,66,84,60,76,32,73,56,16,59
Kenema,Dama,2022,February,942,835,603,586,25,68,2,3693,177000,31,20,25,30,35,30,69,69,88,64,78,30,79,61,19,52
Kenema,Dama,2022,March,699,595,395,377,15,42,1,2454,177000,28,25,26,32,30,32,68,61,83,52,78,41,80,56,23,63
Kenema,Dama,2022,April,1089,990,630,620,29,58,2,4471,177000,28,27,24,41,34,28,65,62,86,59,80,51,73,54,37,61
Kenema,Dama,2022,May,1342,1154,665,643,36,58,1,5346,177000,20,27,22,38,28,32,70,63,84,60,83,32,80,63,37,44
Kenema,Dama,2022,June,2575,2486,1804,1753,143,189,8,9136,177000,25,22,25,39,33,35,69,60,85,51,80,55,70,54,38,44
Kenema,Dama,2022,July,2589,2231,1236,1218,92,147,7,10492,177000,23,25,26,35,30,33,69,68,88,62,77,35,72,53,36,53
Kenema,Dama,2022,August,2555,2265,1530,1528,66,153,5,9593,177000,19,24,23,33,39,35,75,58,84,56,84,31,72,56,23,47
Kenema,Dama,2022,September,1953,1878,1372,1361,69,140,6,7436,177000,17,25,26,38,31,35,68,57,84,50,83,36,73,64,21,49
Kenema,Dama,2022,October,1515,1408,907,866,76,76,2,6009,177000,22,22,22,29,35,35,71,61,88,50,76,33,71,63,37,48
Kenema,Dama,2022,November,774,668,415,403,19,36,0,2970,177000,25,28,24,33,31,29,73,57,85,54,78,39,80,59,26,62
Kenema,Dama,2022,December,1480,1283,850,808,82,75,3,5790,177000,32,21,27,30,34,35,71,70,86,50,76,45,78,64,26,50
Kenema,Gaura,2022,January,883,853,505,501,41,47,2,3181,177000,26,25,27,41,31,32,72,67,87,53,82,44,78,55,35,50
Kenema,Gaura,2022,February,1519,1483,934,896,46,110,2,5728,177000,29,21,26,35,28,32,71,59,88,51,78,45,75,60,30,61
Kenema,Gaura,2022,March,1018,901,623,595,32,57,1,3843,177000,17,22,25,30,32,34,73,65,83,60,82,54,72,54,21,47
Kenema,Gaura,2022,April,666,648,361,358,28,39,1,2354,177000,29,27,24,36,39,29,69,62,87,53,80,53,70,55,17,44
Kenema,Gaura,2022,May,2502,2410,1592,1557,66,189,4,10279,177000,24,22,23,41,36,32,73,63,88,52,77,53,78,67,16,63
Kenema,Gaura,2022,June,1950,1737,958,952,114,107,4,7427,177000,20,21,23,41,36,34,72,67,86,64,82,45,71,57,20,53
Kenema,Gaura,2022,July,2825,2548,1442,1385,123,116,3,10035,177000,29,24,25,40,34,35,69,67,83,55,82,43,78,62,27,61
Kenema,Gaura,2022,August,2976,2892,1646,1569,103,180,8,11648,177000,30,27,22,34,39,34,69,68,88,56,80,37,74,65,24,52
Kenema,Gaura,2022,September,1869,1622,966,925,48,95,2,6870,177000,23,22,23,37,31,35,71,61,82,65,83,43,70,54,22,52
Kenema,Gaura,2022,October,1789,1723,1194,1175,51,106,4,6793,177000,29,21,23,36,31,35,74,67,84,55,78,55,73,54,17,45
Kenema,Gaura,2022,November,1160,1056,639,607,39,51,1,4668,177000,29,20,26,37,39,35,73,70,82,61,79,52,74,61,16,45
Kenema,Gaura,2022,December,1515,1311,761,727,43,62,2,5891,177000,31,22,24,31,40,34,73,58,85,57,78,30,78,52,18,52
Kenema,Kandu Leppiama,2022,January,659,639,470,446,23,46,1,2432,177000,22,22,22,37,37,35,66,58,84,60,84,51,70,57,15,56
Kenema,Kandu Leppiama,2022,February,1338,1242,859,836,79,96,2,4860,177000,25,28,25,40,30,35,69,64,87,51,83,53,71,64,19,49
Kenema,Kandu Leppiama,2022,March,1419,1281,843,813,82,93,4,5202,177000,25,22,24,39,35,35,67,68,86,65,79,31,78,65,25,57
Kenema,Kandu Leppiama,2022,April,1568,1416,1007,964,53,87,2,6505,177000,24,20,23,41,38,35,66,57,84,60,78,52,75,61,20,53
Kenema,Kandu Leppiama,2022,May,2715,2582,1669,1591,145,164,4,9611,177000,18,25,23,35,35,35,68,70,86,57,76,35,70,66,38,55
Kenema,Kandu Leppiama,2022,June,1870,1703,972,926,45,101,3,6687,177000,26,25,26,38,32,35,75,65,85,58,83,52,78,61,33,55
Kenema,Kandu Leppiama,2022,July,2902,2704,1522,1486,73,181,4,11691,177000,27,25,27,36,36,28,67,58,87,61,82,31,78,57,39,48
Kenema,Kandu Leppiama,2022,August,1321,1180,840,828,60,93,3,4808,177000,26,29,27,35,31,32,74,58,87,52,76,32,75,62,31,58
Kenema,Kandu Leppiama,2022,September,2176,1939,1295,1277,71,126,3,8713,177000,21,28,25,29,29,35,67,63,84,52,76,48,72,62,27,55
Kenema,Kandu Leppiama,2022,October,1480,1312,859,820,53,82,3,5258,177000,17,24,26,29,31,35,66,69,88,58,84,53,75,55,40,44
Kenema,Kandu Leppiama,2022,November,1369,1281,756,735,67,86,3,5348,177000,20,20,24,34,40,35,67,62,82,58,82,51,76,62,29,61
Kenema,Kandu Leppiama,2022,December,1425,1293,878,849,40,89,3,5595,177000,25,24,24,34,29,34,74,61,84,55,84,52,78,65,32,54
Kenema,Nomo,2022,January,1251,1159,747,735,34,80,3,4984,177000,28,27,23,38,28,35,70,60,87,52,77,46,77,57,23,52
Kenema,Nomo,2022,February,1430,1301,837,834,42,85,4,5145,177000,29,25,23,39,39,30,69,58,82,52,76,41,73,59,23,48
Kenema,Nomo,2022,March,1040,936,525,504,61,48,1,4107,177000,23,25,26,29,30,31,71,69,84,59,80,33,71,55,21,59
Kenema,Nomo,2022,April,1108,1019,568,555,46,58,2,4526,177000,18,24,22,38,32,30,70,63,87,61,78,36,74,54,22,48
Kenema,Nomo,2022,May,2676,2482,1835,1775,57,190,6,9938,177000,22,21,24,38,40,33,70,68,85,56,80,39,71,62,29,47
Kenema,Nomo,2022,June,2031,1943,1089,1039,83,114,3,8141,177000,25,22,25,29,35,35,75,67,82,57,83,43,76,54,23,60
Kenema,Nomo,2022,July,2114,1823,1321,1284,90,134,3,8242,177000,27,21,27,38,32,29,75,68,85,50,83,46,70,64,23,62
Kenema,Nomo,2022,August,1960,1920,1404,1394,47,154,6,8074,177000,29,23,27,38,33,35,69,62,87,64,82,41,80,57,29,55
Kenema,Nomo,2022,September,1862,1601,1158,1104,47,108,4,7449,177000,28,24,24,41,40,35,74,69,85,55,76,34,73,53,35,51
Kenema,Nomo,2022,October,2518,2253,1470,1439,69,152,4,9669,177000,31,25,23,38,33,30,67,59,88,64,77,43,70,56,26,59
Kenema,Nomo,2022,November,1347,1200,728,698,59,63,3,5239,177000,25,25,26,35,32,35,75,67,87,55,82,53,70,64,19,62
Kenema,Nomo,2022,December,1386,1239,751,730,59,62,2,5212,177000,19,22,23,37,30,28,66,64,85,62,84,38,80,64,34,56
Kono,Gbane,2022,January,1460,1244,818,779,73,73,3,5156,146000,18,23,23,39,30,35,66,57,88,64,78,46,77,52,37,43
Kono,Gbane,2022,February,1383,1252,829,823,30,93,3,5595,146000,31,26,23,35,39,35,75,66,87,58,84,51,79,64,21,48
Kono,Gbane,2022,March,711,610,413,401,31,43,0,2812,146000,31,20,26,36,28,35,70,58,83,62,83,46,77,60,26,48
Kono,Gbane,2022,April,1182,1089,791,767,51,84,2,4153,146000,31,21,25,30,35,31,69,60,83,65,77,31,80,58,37,63
Kono,Gbane,2022,May,2329,2264,1570,1547,139,126,4,8770,146000,24,24,26,38,31,32,70,68,86,57,79,41,75,57,15,44
Kono,Gbane,2022,June,1727,1667,1206,1177,60,137,3,6325,146000,21,29,26,32,28,34,71,64,86,65,77,42,80,59,27,61
Kono,Gbane,2022,July,2320,1982,1367,1310,90,162,8,9577,146000,22,25,25,37,35,34,74,67,86,65,80,34,76,60,38,61
Kono,Gbane,2022,August,2665,2317,1706,1671,152,165,6,10818,146000,18,24,26,31,31,29,69,60,86,52,80,40,79,60,34,59
Kono,Gbane,2022,September,2452,2334,1638,1601,109,147,7,8949,146000,22,24,22,36,29,30,73,60,88,51,77,32,71,60,26,58
Kono,Gbane,2022,October,1496,1283,759,741,68,79,2,5649,146000,17,29,26,36,39,32,67,60,83,62,77,41,72,54,25,56
Kono,Gbane,2022,November,832,775,504,499,18,40,1,3478,146000,27,25,27,36,28,35,68,57,85,64,81,39,75,52,32,58
Kono,Gbane,2022,December,736,677,377,364,42,37,0,3084,146000,24,23,23,30,28,29,74,61,82,57,82,41,70,56,24,56
Kono,Gbense,2022,January,1488,1423,875,842,43,83,3,5421,146000,24,23,23,32,37,31,70,61,88,56,82,37,74,55,27,57
Kono,Gbense,2022,February,1577,1410,934,896,85,76,3,6333,146000,17,25,22,29,38,34,69,70,85,51,80,39,75,62,26,52
Kono,Gbense,2022,March,1247,1164,815,801,53,69,1,4739,146000,22,23,24,39,40,28,65,58,86,59,76,37,74,63,40,51
Kono,Gbense,2022,April,1161,1120,698,691,66,78,3,4635,146000,26,22,23,31,33,35,65,70,82,50,79,42,78,66,31,55
Kono,Gbense,2022,May,1226,1057,657,639,42,61,2,4866,146000,21,27,25,36,36,29,67,61,83,61,82,48,76,63,38,48
Kono,Gbense,2022,June,1239,1181,714,695,66,76,2,4453,146000,19,21,23,29,33,32,71,67,87,63,82,54,72,53,36,53
Kono,Gbense,2022,July,2786,2520,1420,1405,60,140,6,11623,146000,32,29,25,32,38,32,68,68,83,61,81,38,73,62,20,57
Kono,Gbense,2022,August,1361,1212,811,781,31,70,3,5477,146000,28,26,25,30,30,35,73,67,83,57,77,49,79,66,30,51
Kono,Gbense,2022,September,1558,1490,1012,975,80,106,4,6162,146000,19,25,26,34,31,35,73,67,85,53,77,43,80,56,40,54
Kono,Gbense,2022,October,1478,1414,825,788,45,86,2,6016,146000,28,26,22,36,38,28,74,62,85,50,76,37,80,53,20,51
Kono,Gbense,2022,November,1449,1273,843,825,69,91,3,5762,146000,29,24,25,29,31,28,71,66,83,61,84,35,70,56,16,58
Kono,Gbense,2022,December,727,679,397,392,23,45,2,2962,146000,19,25,24,38,40,35,68,57,83,60,79,43,78,61,16,63
Kono,Lei,2022,January,857,837,577,561,40,51,1,3073,146000,29,21,23,35,30,33,66,63,86,60,80,32,80,52,28,56
Kono,Lei,2022,February,648,616,424,415,25,46,2,2393,146000,26,28,26,30,30,32,65,69,85,61,77,53,71,67,39,46
Kono,Lei,2022,March,646,579,412,411,37,33,1,2303,146000,23,22,26,28,40,35,71,67,88,63,82,37,73,55,26,51
Kono,Lei,2022,April,648,624,450,447,23,48,1,2611,146000,18,28,24,39,30,33,73,59,85,51,81,30,72,62,39,60
Kono,Lei,2022,May,1630,1560,936,922,72,108,3,6170,146000,22,20,27,35,29,31,73,69,87,53,77,45,72,59,38,58
Kono,Lei,2022,June,1455,1308,778,747,65,69,2,6039,146000,28,27,23,33,39,35,70,62,84,50,81,32,75,67,29,63
Kono,Lei,2022,July,2776,2551,1643,1572,161,190,8,11148,146000,32,28,26,35,36,34,71,60,83,58,76,42,78,58,33,56
Kono,Lei,2022,August,2497,2299,1613,1605,127,188,8,9098,146000,29,23,25,28,39,34,70,63,88,56,80,35,75,66,39,62
Kono,Lei,2022,September,1692,1439,872,860,36,104,3,6810,146000,21,29,26,28,31,35,66,66,88,59,77,53,71,59,28,55
Kono,Lei,2022,October,1708,1543,994,977,57,107,4,6781,146000,24,28,25,35,33,35,68,64,83,52,77,33,79,62,28,51
Kono,Lei,2022,November,1482,1430,958,918,44,87,2,5902,146000,25,25,26,28,32,35,65,65,88,57,79,40,80,63,24,60
Kono,Lei,2022,December,1457,1339,969,944,36,84,2,5305,146000,19,23,27,28,33,28,73,62,86,53,82,46,72,54,18,43
Kono,Nimikoro,2022,January,1562,1372,978,966,75,80,2,5678,146000,18,20,22,40,30,35,74,69,88,59,76,53,74,61,15,54
Kono,Nimikoro,2022,February,994,949,640,630,50,61,1,4077,146000,29,22,24,31,33,33,69,64,86,64,77,33,75,61,16,50
Kono,Nimikoro,2022,March,805,714,465,458,39,47,2,3134,146000,21,23,25,41,35,32,67,67,85,54,78,50,74,63,21,59
Kono,Nimikoro,2022,April,675,642,479,465,27,54,1,2543,146000,22,25,27,28,34,30,70,64,87,63,77,30,72,52,32,57
Kono,Nimikoro,2022,May,2401,2322,1292,1240,68,147,4,8988,146000,26,24,25,34,40,33,74,70,88,59,83,45,77,54,33,61
Kono,Nimikoro,2022,June,2351,2025,1484,1474,98,136,4,9589,146000,22,22,25,32,39,35,71,63,86,65,77,36,74,62,31,45
Kono,Nimikoro,2022,July,1306,1274,740,727,72,80,2,5154,146000,26,25,26,35,30,35,67,65,88,64,82,34,70,64,19,61
Kono,Nimikoro,2022,August,1886,1704,1133,1077,53,104,3,6896,146000,20,28,23,29,38,30,73,70,86,56,76,43,71,59,33,60
Kono,Nimikoro,2022,September,1557,1398,1036,1017,67,105,4,5512,146000,29,28,26,35,37,35,75,64,83,65,78,42,76,60,19,53
Kono,Nimikoro,2022,October,1488,1385,773,764,31,81,3,5632,146000,22,22,22,33,32,34,66,60,82,55,84,46,73,54,21,61
Kono,Nimikoro,2022,November,1518,1310,826,816,62,96,4,5827,146000,22,26,25,30,33,28,67,57,86,53,83,45,78,58,24,44
Kono,Nimikoro,2022,December,997,886,527,505,25,47,2,4048,146000,28,25,25,39,40,28,70,65,86,54,84,46,72,62,38,53
Western Area,Urban,2022,January,1182,1054,684,675,45,61,2,4149,1580000,26,29,25,33,39,35,72,61,85,62,78,30,75,57,32,44
Western Area,Urban,2022,February,1077,1029,612,608,53,60,2,4199,1580000,30,22,24,33,36,32,66,69,88,63,84,40,79,65,33,61
Western Area,Urban,2022,March,1004,887,660,637,32,54,2,3650,1580000,23,25,25,29,40,33,71,60,86,50,77,41,77,67,34,62
Western Area,Urban,2022,April,734,711,459,457,19,37,0,2608,1580000,19,22,26,37,37,35,65,62,84,56,83,48,79,60,37,59
Western Area,Urban,2022,May,2365,2167,1286,1228,133,134,5,9601,1580000,18,27,24,41,30,35,66,61,82,64,79,55,79,60,40,56
Western Area,Urban,2022,June,1389,1273,915,881,41,85,3,4941,1580000,18,28,23,36,32,35,69,64,84,64,77,51,80,65,28,45
Western Area,Urban,2022,July,2129,2049,1150,1115,124,99,3,8850,1580000,23,22,23,35,40,35,71,59,83,61,76,33,72,61,18,56
Western Area,Urban,2022,August,2953,2685,1989,1978,160,179,8,11020,1580000,31,29,24,37,34,28,70,67,82,50,81,34,71,56,29,63
Western Area,Urban,2022,September,1906,1700,1181,1143,102,113,5,7644,1580000,30,29,24,40,38,35,72,69,87,58,80,46,80,59,31,60
Western Area,Urban,2022,October,1699,1452,1065,1016,37,85,2,6619,1580000,24,28,24,29,37,35,74,65,87,52,84,30,76,54,18,45
Western Area,Urban,2022,November,889,870,631,604,46,55,1,3132,1580000,19,29,23,41,30,28,66,62,85,59,80,34,73,56,30,45
Western Area,Urban,2022,December,1123,1007,704,678,27,83,3,4499,1580000,30,29,23,29,40,28,67,70,86,50,76,41,73,61,36,50
Western Area,Rural,2022,January,1481,1427,1013,986,70,94,3,5565,1580000,28,29,25,37,28,35,72,62,84,56,78,45,80,52,20,63
Western Area,Rural,2022,February,1549,1514,937,895,65,109,3,5741,1580000,18,26,26,30,32,35,71,63,88,54,84,30,75,59,37,52
Western Area,Rural,2022,March,678,657,474,472,26,41,1,2717,1580000,23,21,24,30,30,35,73,58,83,64,82,36,79,65,34,59
Western Area,Rural,2022,April,965,884,532,522,51,56,1,3787,1580000,24,24,23,30,35,35,70,69,82,56,83,45,73,54,29,63
Western Area,Rural,2022,May,1878,1598,1027,995,62,109,3,7226,1580000,22,22,23,28,33,35,67,68,87,65,78,54,80,59,20,55
Western Area,Rural,2022,June,2324,2236,1654,1629,76,135,5,9076,1580000,29,23,22,40,37,35,72,66,87,64,78,43,80,56,31,43
Western Area,Rural,2022,July,2249,2186,1582,1576,107,149,4,9200,1580000,22,26,24,39,34,35,73,70,86,51,79,34,78,53,16,52
Western Area,Rural,2022,August,2676,2318,1616,1555,75,191,6,10266,1580000,30,20,24,30,29,29,65,58,88,64,77,52,80,57,36,55
Western Area,Rural,2022,September,1493,1448,900,878,80,102,3,5478,1580000,23,23,23,30,28,35,71,65,88,59,79,44,74,53,18,62
Western Area,Rural,2022,October,2933,2662,1891,1885,160,185,7,11333,1580000,24,26,22,34,40,31,71,70,82,51,77,44,74,55,18,45
Western Area,Rural,2022,November,1348,1256,886,867,62,90,2,4810,1580000,19,26,27,32,31,28,72,67,85,65,78,44,75,66,24,58
Western Area,Rural,2022,December,1085,924,671,642,29,60,2,4303,1580000,26,22,24,39,34,35,74,68,86,58,81,54,75,59,30,55
Port Loko,Buya Romende,2022,January,840,769,479,461,39,45,0,3500,145000,21,27,23,39,40,32,73,68,85,55,76,48,77,55,20,52
Port Loko,Buya Romende,2022,February,1228,1090,638,612,56,72,2,4983,145000,20,21,26,30,38,35,66,62,83,60,76,52,74,64,34,58
Port Loko,Buya Romende,2022,March,1556,1460,1093,1092,87,103,3,6160,145000,24,26,25,35,40,35,67,70,83,52,79,39,73,62,18,61
Port Loko,Buya Romende,2022,April,1206,1036,583,558,27,53,1,4296,145000,20,28,22,38,32,28,73,59,86,55,79,33,72,55,34,49
Port Loko,Buya Romende,2022,May,1397,1228,714,711,35,79,2,5053,145000,32,20,22,28,34,33,67,59,83,65,83,36,75,64,40,58
Port Loko,Buya Romende,2022,June,2987,2645,1712,1693,177,147,3,10617,145000,29,26,24,30,31,30,68,63,88,59,83,37,78,53,19,45
Port Loko,Buya Romende,2022,July,1422,1277,789,786,84,93,4,5669,145000,29,24,23,41,33,34,70,66,87,51,81,32,76,63,31,58
Port Loko,Buya Romende,2022,August,1539,1446,1042,1028,74,123,2,6410,145000,24,22,23,37,34,35,70,64,86,51,84,47,80,56,40,57
Port Loko,Buya Romende,2022,September,1929,1661,919,879,98,78,3,7298,145000,31,24,23,32,35,35,66,64,83,63,84,46,79,55,33,55
Port Loko,Buya Romende,2022,October,2383,2097,1293,1232,101,118,5,8735,145000,29,22,25,40,32,34,65,57,84,63,80,39,77,55,33,46
Port Loko,Buya Romende,2022,November,785,729,443,429,23,52,1,3158,145000,18,29,22,37,38,32,75,69,82,62,79,30,76,67,37,48
Port Loko,Buya Romende,2022,December,1054,966,555,528,32,66,3,3866,145000,22,27,23,30,29,31,67,60,83,50,79,52,74,58,18,63
Port Loko,Kaffu Bullom,2022,January,1489,1400,888,853,54,71,3,5978,145000,27,25,25,32,33,29,69,67,82,60,76,30,74,60,25,53
Port Loko,Kaffu Bullom,2022,February,940,868,601,596,48,70,2,3577,145000,23,22,26,37,39,35,68,68,83,57,80,46,75,59,21,52
Port Loko,Kaffu Bullom,2022,March,825,801,463,460,47,38,1,3152,145000,19,21,23,35,30,28,72,69,82,54,84,35,70,56,30,47
Port Loko,Kaffu Bullom,2022,April,1221,1129,681,674,53,69,2,4457,145000,27,27,22,40,40,29,69,70,85,53,79,45,74,62,18,51
Port Loko,Kaffu Bullom,2022,May,2603,2439,1536,1489,111,173,7,9387,145000,27,29,25,29,34,35,69,70,85,51,84,53,72,66,24,61
Port Loko,Kaffu Bullom,2022,June,2811,2551,1581,1543,72,140,5,10432,145000,20,24,24,34,33,31,72,70,86,61,81,40,76,59,15,45
Port Loko,Kaffu Bullom,2022,July,1745,1599,998,963,78,104,4,7224,145000,19,25,24,37,28,34,73,66,83,61,79,53,70,63,22,60
Port Loko,Kaffu Bullom,2022,August,2304,2233,1385,1319,130,111,4,8460,145000,25,29,22,33,31,34,65,65,88,63,76,52,75,52,34,63
Port Loko,Kaffu Bullom,2022,September,1988,1925,1419,1352,68,153,3,7253,145000,24,29,23,30,32,35,73,57,87,55,76,45,72,58,24,53
Port Loko,Kaffu Bullom,2022,October,1565,1459,818,793,62,83,3,6006,145000,30,29,24,33,37,35,71,61,86,54,76,32,72,66,37,59
Port Loko,Kaffu Bullom,2022,November,1346,1168,752,723,48,89,3,5250,145000,21,22,25,37,34,29,74,69,84,51,82,46,74,64,33,60
Port Loko,Kaffu Bullom,2022,December,702,626,431,423,29,40,1,2797,145000,26,25,25,36,30,33,71,59,83,51,78,51,70,64,30,54
Port Loko,Lokomasama,2022,January,1151,1023,611,610,59,62,1,4746,145000,31,20,23,41,35,32,65,66,85,60,78,38,72,62,34,51
Port Loko,Lokomasama,2022,February,1234,1123,837,807,65,86,2,5029,145000,20,22,25,29,37,31,74,68,87,57,77,41,77,53,37,50
Port Loko,Lokomasama,2022,March,1185,1022,686,658,49,64,1,4458,145000,21,25,26,33,35,29,68,61,84,60,80,39,80,57,31,59
Port Loko,Lokomasama,2022,April,1023,992,557,532,47,65,2,3797,145000,23,26,24,34,29,35,73,67,85,62,81,53,74,53,23,59
Port Loko,Lokomasama,2022,May,2907,2805,1911,1876,63,171,7,10467,145000,19,21,24,34,28,35,72,62,87,65,80,51,71,53,39,56
Port Loko,Lokomasama,2022,June,2946,2648,1666,1638,130,194,6,12162,145000,24,21,23,32,40,35,73,61,82,57,81,34,71,67,40,43
Port Loko,Lokomasama,2022,July,2669,2419,1474,1439,70,166,7,10097,145000,30,29,26,34,37,33,69,61,83,56,82,30,75,62,21,49
Port Loko,Lokomasama,2022,August,1232,1058,725,722,50,58,1,4339,145000,26,26,23,38,30,35,72,67,83,52,78,35,74,63,37,61
Port Loko,Lokomasama,2022,September,1508,1305,893,854,65,83,3,5531,145000,24,26,24,39,32,35,68,61,87,63,78,55,75,54,27,55
Port Loko,Lokomasama,2022,October,1580,1352,939,912,42,102,3,5775,145000,29,23,23,40,38,28,65,67,87,58,78,55,76,60,38,46
Port Loko,Lokomasama,2022,November,1564,1379,816,814,73,96,1,5838,145000,28,27,22,41,31,31,73,66,86,59,81,33,76,55,36,48
Port Loko,Lokomasama,2022,December,863,804,592,589,38,55,1,3603,145000,22,22,22,41,36,28,74,60,86,57,80,43,74,59,39,49
Bo,Bumpe Ngao,2023,January,711,618,347,330,14,39,1,2703,186000,24,18,21,31,27,24,75,76,93,56,86,54,82,62,32,65
Bo,Bumpe Ngao,2023,February,696,645,365,360,25,35,1,2828,186000,17,19,21,29,25,24,72,71,94,58,90,43,78,73,40,61
Bo,Bumpe Ngao,2023,March,722,644,478,458,29,47,1,2965,186000,23,22,19,22,32,26,73,75,92,71,89,49,78,70,26,58
Bo,Bumpe Ngao,2023,April,1096,1001,629,613,51,68,3,4038,186000,17,22,18,22,25,23,81,74,90,68,86,39,79,62,27,50
Bo,Bumpe Ngao,2023,May,2073,1853,1064,1052,81,112,3,7935,186000,16,16,19,23,23,27,76,67,89,65,82,39,81,68,25,58
Bo,Bumpe Ngao,2023,June,2983,2741,1532,1475,84,140,6,10943,186000,19,22,19,27,21,29,71,72,89,69,84,46,81,68,38,68
Bo,Bumpe Ngao,2023,July,1611,1492,973,951,65,109,4,6176,186000,17,23,19,30,22,22,74,71,89,65,84,36,86,73,40,59
Bo,Bumpe Ngao,2023,August,1574,1400,923,884,33,95,3,5971,186000,24,21,18,31,23,24,73,71,91,58,87,60,77,73,35,66
Bo,Bumpe Ngao,2023,September,2336,2163,1245,1193,120,129,4,9285,186000,20,17,19,25,29,27,81,70,91,66,87,40,79,68,24,66
Bo,Bumpe Ngao,2023,October,2871,2719,1768,1709,88,190,7,11023,186000,21,23,19,29,27,28,77,67,89,63,83,44,86,65,38,53
Bo,Bumpe Ngao,2023,November,921,858,480,462,27,38,1,3304,186000,25,18,20,28,26,26,81,73,92,70,90,46,77,62,37,66
Bo,Bumpe Ngao,2023,December,1048,939,609,595,23,56,1,3830,186000,20,17,18,22,27,31,75,64,91,59,83,47,84,70,36,63
Bo,Kakua,2023,January,845,741,499,490,35,43,0,3455,186000,16,20,20,23,24,24,72,63,94,64,84,46,79,71,29,62
Bo,Kakua,2023,February,952,861,553,550,23,58,1,3839,186000,16,18,18,26,30,25,75,73,93,71,89,60,80,62,36,61
Bo,Kakua,2023,March,1084,965,578,561,29,55,1,4119,186000,22,18,21,24,22,22,80,73,92,61,88,36,80,66,36,69
Bo,Kakua,2023,April,1665,1468,866,855,54,83,2,6366,186000,25,22,18,28,23,31,78,76,90,69,83,56,83,66,40,49
Bo,Kakua,2023,May,3055,2906,1892,1854,132,192,4,11330,186000,23,16,21,31,28,28,74,64,90,66,90,49,81,71,40,56
Bo,Kakua,2023,June,2492,2256,1540,1525,86,126,4,9390,186000,20,23,18,31,25,23,77,70,93,71,84,50,79,70,40,66
Bo,Kakua,2023,July,3052,2659,1812,1724,61,160,5,12142,186000,18,17,21,27,26,31,75,66,90,68,86,37,85,71,29,57
Bo,Kakua,2023,August,2752,2682,1618,1555,67,176,5,10818,186000,16,23,19,29,25,30,76,69,91,71,90,49,82,59,28,67
Bo,Kakua,2023,September,2034,1910,1386,1383,51,165,7,8158,186000,21,16,18,25,30,27,78,73,94,57,88,50,77,66,38,54
Bo,Kakua,2023,October,1889,1802,1070,1053,98,123,4,7700,186000,24,16,19,23,30,24,77,75,93,66,82,52,77,58,40,68
Bo,Kakua,2023,November,1260,1106,815,804,64,91,3,5057,186000,17,19,20,27,24,21,74,66,92,68,87,46,81,73,40,59
Bo,Kakua,2023,December,1401,1333,839,816,68,73,2,5069,186000,24,23,21,23,30,26,75,76,94,62,83,60,82,67,28,50
Bo,Tikonko,2023,January,1563,1489,928,913,38,108,5,5473,186000,22,16,21,23,30,24,75,70,93,56,82,56,83,63,28,57
Bo,Tikonko,2023,February,1401,1342,994,990,67,105,4,5726,186000,18,23,18,28,26,31,79,72,89,67,90,40,78,73,26,62
Bo,Tikonko,2023,March,1280,1090,716,705,74,80,2,4716,186000,18,17,20,22,30,31,76,68,93,61,84,37,76,62,28,51
Bo,Tikonko,2023,April,841,717,469,450,31,46,2,3308,186000,15,19,18,27,29,25,76,71,88,70,83,36,81,66,32,59
Bo,Tikonko,2023,May,1752,1581,1056,1006,78,105,2,6571,186000,24,21,20,23,24,22,80,63,90,64,86,37,84,64,40,52
Bo,Tikonko,2023,June,1632,1474,1104,1099,90,120,5,5825,186000,14,22,18,28,31,31,73,64,90,69,82,45,76,71,25,65
Bo,Tikonko,2023,July,2744,2518,1544,1493,152,173,7,11135,186000,19,21,21,24,28,25,73,63,90,66,83,54,83,67,40,62
Bo,Tikonko,2023,August,1393,1304,778,745,73,71,2,5742,186000,24,22,18,22,28,30,77,76,93,61,84,51,80,72,25,49
Bo,Tikonko,2023,September,2221,1891,1376,1341,46,160,7,8583,186000,24,16,19,29,26,31,80,70,94,57,84,59,83,64,33,49
Bo,Tikonko,2023,October,1616,1449,917,882,64,107,2,6188,186000,17,19,18,30,30,30,74,70,88,71,83,47,76,65,34,61
Bo,Tikonko,2023,November,683,585,380,364,13,38,1,2624,186000,25,21,21,22,27,22,72,75,90,66,85,36,76,72,22,51
Bo,Tikonko,2023,December,1643,1545,1111,1109,55,130,3,5785,186000,17,21,21,22,23,26,76,65,88,58,85,51,78,73,35,56
Bo,Valunia,2023,January,1551,1367,907,900,80,94,3,6237,186000,21,19,21,30,29,22,78,63,91,62,85,56,83,60,37,55
Bo,Valunia,2023,February,1133,987,573,556,36,60,1,4128,186000,25,17,21,28,23,23,81,67,93,65,86,55,76,62,22,63
Bo,Valunia,2023,March,927,868,573,559,29,65,1,3655,186000,16,17,19,25,25,25,74,72,94,69,87,57,76,73,38,66
Bo,Valunia,2023,April,1033,1003,616,591,22,51,2,3983,186000,23,21,18,22,23,26,72,70,92,65,90,40,77,60,40,53
Bo,Valunia,2023,May,2565,2413,1766,1754,87,162,6,9094,186000,23,17,19,24,30,25,73,66,91,57,86,36,83,67,26,58
Bo,Valunia,2023,June,1654,1495,979,939,70,117,5,6927,186000,17,23,18,22,23,22,72,71,93,65,86,48,81,66,27,53
Bo,Valunia,2023,July,3012,2819,1699,1696,161,150,6,11018,186000,25,23,20,27,29,22,79,76,93,60,84,56,83,65,40,69
Bo,Valunia,2023,August,3071,2618,1940,1878,155,195,7,10923,186000,21,18,20,24,26,27,78,70,88,63,86,49,79,67,34,58
Bo,Valunia,2023,September,2196,1867,1234,1192,107,108,4,9033,186000,14,22,18,24,29,23,76,74,91,66,90,36,80,62,31,54
Bo,Valunia,2023,October,1803,1679,1141,1088,44,136,5,6690,186000,23,23,19,24,28,29,72,69,90,63,83,52,82,59,22,56
Bo,Valunia,2023,November,924,843,471,462,46,41,0,3620,186000,21,17,20,26,23,24,80,70,90,70,85,37,82,61,40,57
Bo,Valunia,2023,December,1361,1306,726,722,76,59,1,4965,186000,22,16,19,32,29,32,78,75,92,59,82,58,85,73,40,66
Kenema,Dama,2023,January,1216,1115,615,601,34,71,2,5081,177000,17,20,21,21,26,22,76,67,91,70,85,58,82,62,34,67
Kenema,Dama,2023,February,1376,1315,736,706,55,67,2,5139,177000,16,21,18,22,30,31,71,69,94,69,87,38,80,72,26,60
Kenema,Dama,2023,March,1402,1226,691,684,53,56,1,5197,177000,22,19,20,25,21,24,75,75,94,67,85,47,85,64,28,55
Kenema,Dama,2023,April,1579,1505,919,902,31,77,3,5630,177000,22,21,20,28,25,22,77,71,92,69,87,51,86,71,39,69
Kenema,Dama,2023,May,1562,1504,866,833,68,71,2,5468,177000,25,17,19,29,27,22,81,66,92,57,87,38,86,62,38,60
Kenema,Dama,2023,June,2069,1831,1116,1065,106,110,5,8397,177000,14,22,20,31,27,22,74,69,90,65,88,38,79,65,40,60
Kenema,Dama,2023,July,2893,2506,1745,1659,128,166,5,10765,177000,25,18,18,24,30,28,72,76,88,56,84,42,82,68,24,62
Kenema,Dama,2023,August,2557,2497,1852,1789,89,157,3,10731,177000,18,22,19,28,22,25,78,65,93,71,82,48,77,70,33,50
Kenema,Dama,2023,September,2141,2075,1223,1164,112,113,2,7709,177000,19,20,20,24,23,27,81,75,91,58,88,44,84,67,32,62
Kenema,Dama,2023,October,1384,1259,768,737,28,64,2,5345,177000,15,22,18,25,28,29,80,75,90,60,87,43,78,64,21,67
Kenema,Dama,2023,November,1502,1292,916,878,40,94,2,6211,177000,16,17,18,25,24,32,73,66,88,60,88,56,82,61,39,54
Kenema,Dama,2023,December,1589,1380,808,783,87,69,2,6259,177000,24,17,18,22,28,23,74,65,91,61,87,39,86,67,26,63
Kenema,Gaura,2023,January,1194,1038,618,600,71,61,1,4837,177000,18,22,21,27,24,26,72,72,90,58,85,52,82,64,36,59
Kenema,Gaura,2023,February,1601,1381,803,792,77,66,3,6667,177000,24,17,20,29,21,30,72,76,89,59,82,45,78,71,33,51
Kenema,Gaura,2023,March,1443,1393,811,771,59,79,2,5169,177000,22,19,19,28,24,22,75,70,92,63,87,44,80,61,27,55
Kenema,Gaura,2023,April,699,664,434,418,28,49,2,2607,177000,18,17,19,25,30,31,77,65,94,67,82,59,84,72,33,52
Kenema,Gaura,2023,May,2367,2105,1515,1447,107,145,4,9243,177000,17,22,20,26,21,22,81,65,91,70,83,49,79,69,40,56
Kenema,Gaura,2023,June,1515,1445,944,897,42,83,3,5995,177000,19,20,21,24,26,24,80,68,90,71,89,53,85,60,34,63
Kenema,Gaura,2023,July,2593,2488,1455,1447,140,150,4,10536,177000,20,19,19,31,27,29,77,65,93,70,82,39,78,65,38,54
Kenema,Gaura,2023,August,1899,1720,1025,986,104,101,3,7588,177000,22,22,21,28,24,27,74,73,93,64,90,60,85,64,39,50
Kenema,Gaura,2023,September,1844,1574,1125,1074,79,121,3,7347,177000,17,22,20,28,27,24,81,65,88,65,84,56,78,67,37,62
Kenema,Gaura,2023,October,2765,2610,1448,1431,75,151,4,10470,177000,14,18,18,24,27,23,73,76,90,63,84,46,85,62,26,66
Kenema,Gaura,2023,November,1084,1050,709,687,35,66,1,3948,177000,25,21,21,30,31,32,80,72,94,57,87,40,83,62,40,62
Kenema,Gaura,2023,December,1081,1003,635,616,59,71,2,3864,177000,17,21,18,27,29,26,76,64,94,69,90,57,80,62,36,50
Kenema,Kandu Leppiama,2023,January,756,701,433,426,17,41,1,2997,177000,22,18,19,30,30,29,77,63,92,62,88,49,79,71,37,57
Kenema,Kandu Leppiama,2023,February,810,730,496,488,38,57,2,3279,177000,22,21,20,29,30,22,71,65,88,59,85,53,79,73,29,66
Kenema,Kandu Leppiama,2023,March,846,729,534,519,26,43,1,2970,177000,22,23,21,29,26,24,79,63,90,56,90,48,82,70,29,68
Kenema,Kandu Leppiama,2023,April,1567,1459,1021,974,51,82,3,5765,177000,15,17,20,28,28,26,75,64,90,62,85,46,84,62,40,59
Kenema,Kandu Leppiama,2023,May,1427,1367,859,840,46,81,2,5527,177000,20,16,21,30,28,24,79,66,89,60,90,49,83,61,33,50
Kenema,Kandu Leppiama,2023,June,1820,1636,1007,1005,82,97,2,6591,177000,18,22,20,24,24,31,72,73,89,64,83,37,76,72,31,53
Kenema,Kandu Leppiama,2023,July,2088,2038,1362,1325,75,119,4,7800,177000,19,19,20,22,26,28,81,67,93,58,90,60,82,66,40,68
Kenema,Kandu Leppiama,2023,August,2651,2287,1452,1405,66,155,6,10503,177000,23,18,20,29,26,21,76,73,88,69,85,56,79,72,38,65
Kenema,Kandu Leppiama,2023,September,2184,2027,1115,1073,70,127,4,8865,177000,20,17,20,22,29,31,77,69,90,68,86,49,84,67,40,53
Kenema,Kandu Leppiama,2023,October,3038,2954,2067,1991,71,167,6,11631,177000,14,23,18,26,22,25,75,76,91,59,90,56,83,65,37,66
Kenema,Kandu Leppiama,2023,November,958,885,531,524,38,55,2,3946,177000,20,22,18,31,27,27,80,67,94,67,87,37,81,64,24,60
Kenema,Kandu Leppiama,2023,December,743,696,422,409,18,43,2,2707,177000,18,23,19,30,28,25,79,71,88,65,85,47,76,69,40,56
Kenema,Nomo,2023,January,1446,1382,957,928,34,83,2,5827,177000,23,21,20,24,30,22,80,73,89,59,84,48,86,62,39,55
Kenema,Nomo,2023,February,1162,1069,675,641,29,57,1,4110,177000,24,18,20,31,26,24,77,69,89,56,85,39,85,70,24,55
Kenema,Nomo,2023,March,1053,1022,663,654,37,67,3,4381,177000,23,17,19,27,26,23,73,73,90,67,82,51,77,64,30,66
Kenema,Nomo,2023,April,1245,1154,647,619,29,56,2,5119,177000,17,18,18,21,32,31,77,66,93,61,88,60,78,69,35,52
Kenema,Nomo,2023,May,1853,1791,1203,1201,58,119,3,6647,177000,19,20,21,24,32,21,76,68,93,63,88,50,83,59,22,68
Kenema,Nomo,2023,June,2557,2446,1374,1332,76,152,5,9066,177000,23,18,20,23,24,31,80,72,92,67,85,55,77,72,35,67
Kenema,Nomo,2023,July,1727,1545,1112,1064,37,116,5,6301,177000,19,23,18,24,23,32,81,67,94,67,85,50,84,59,40,52
Kenema,Nomo,2023,August,2056,1891,1088,1055,64,127,6,7691,177000,23,22,18,26,26,32,76,74,88,69,83,54,80,62,26,50
Kenema,Nomo,2023,September,2748,2356,1520,1495,157,172,8,10299,177000,23,22,21,26,23,27,78,75,91,69,86,45,80,65,23,60
Kenema,Nomo,2023,October,3107,2683,1655,1645,90,161,5,11516,177000,20,22,18,23,25,26,79,63,91,65,86,40,79,70,32,51
Kenema,Nomo,2023,November,1430,1325,914,911,80,85,2,5051,177000,20,16,18,30,22,27,77,63,90,58,88,38,80,61,22,64
Kenema,Nomo,2023,December,925,807,549,536,50,63,2,3360,177000,18,22,21,24,29,31,81,66,88,61,87,51,84,69,40,67
Kono,Gbane,2023,January,1139,1012,617,605,28,72,3,4316,146000,15,18,21,25,21,24,75,63,91,67,82,40,85,69,29,56
Kono,Gbane,2023,February,747,708,392,372,39,31,1,2682,146000,18,18,18,24,24,24,71,66,94,56,87,38,78,68,40,67
Kono,Gbane,2023,March,1206,1144,681,660,58,61,1,4325,146000,19,18,21,22,27,24,76,73,88,69,87,50,77,71,21,53
Kono,Gbane,2023,April,1607,1416,946,931,63,80,2,6047,146000,25,22,18,24,29,29,72,74,94,59,89,56,80,65,40,66
Kono,Gbane,2023,May,1468,1352,993,992,68,113,4,5716,146000,16,19,21,27,22,30,71,69,94,68,85,60,78,61,40,62
Kono,Gbane,2023,June,2908,2521,1830,1755,140,180,8,11253,146000,16,22,21,21,26,30,75,75,89,63,88,44,86,73,30,60
Kono,Gbane,2023,July,1756,1558,936,911,49,76,2,6729,146000,14,18,21,28,31,22,71,70,90,63,88,60,86,61,38,69
Kono,Gbane,2023,August,2714,2644,1947,1923,126,178,8,10780,146000,14,19,21,24,29,25,76,73,91,63,83,54,76,68,21,65
Kono,Gbane,2023,September,3027,2818,1572,1564,88,127,6,12472,146000,20,16,19,27,29,25,77,70,94,71,85,58,78,63,28,64
Kono,Gbane,2023,October,1972,1838,1085,1066,117,114,4,7000,146000,21,16,21,23,24,30,77,64,93,61,86,50,86,59,31,62
Kono,Gbane,2023,November,1047,965,707,682,62,59,1,3871,146000,14,18,21,28,31,29,72,63,89,58,87,59,85,71,40,60
Kono,Gbane,2023,December,796,712,433,412,45,34,1,2982,146000,14,17,21,31,25,26,79,76,94,70,86,44,82,68,38,63
Kono,Gbense,2023,January,1489,1395,809,787,73,67,2,5777,146000,16,20,21,23,31,31,72,75,90,71,83,48,79,63,25,67
Kono,Gbense,2023,February,812,711,516,501,38,47,1,3180,146000,16,19,19,31,28,23,77,69,89,62,90,51,78,67,40,52
Kono,Gbense,2023,March,1453,1325,939,911,68,104,4,5274,146000,25,16,20,30,29,26,76,71,88,64,83,58,82,73,32,68
Kono,Gbense,2023,April,1211,1149,725,705,38,72,3,4682,146000,21,18,20,23,23,27,77,65,92,58,87,43,83,73,21,56
Kono,Gbense,2023,May,1683,1613,1145,1138,45,92,3,6383,146000,17,16,21,32,29,27,81,66,94,65,85,55,80,60,21,49
Kono,Gbense,2023,June,2568,2393,1350,1290,52,116,5,9383,146000,20,19,19,28,26,25,75,64,90,60,84,41,81,63,32,62
Kono,Gbense,2023,July,1565,1332,737,721,38,80,1,6007,146000,24,19,19,29,23,29,76,68,89,63,88,51,79,65,40,62
Kono,Gbense,2023,August,2555,2374,1765,1678,80,207,6,10019,146000,14,19,18,24,32,28,77,70,92,66,85,44,80,71,30,65
Kono,Gbense,2023,September,2694,2296,1685,1646,130,153,3,10858,146000,14,22,20,30,25,29,72,72,88,70,90,36,83,63,24,63
Kono,Gbense,2023,October,1317,1144,664,652,62,71,1,4780,146000,24,16,18,25,21,30,81,73,90,56,90,56,79,70,33,54
Kono,Gbense,2023,November,1434,1293,880,836,63,71,2,5094,146000,24,23,19,28,23,30,78,65,88,67,85,42,81,62,35,62
Kono,Gbense,2023,December,1504,1327,921,878,66,74,2,6160,146000,18,21,18,23,27,28,73,66,94,66,89,44,80,66,27,59
Kono,Lei,2023,January,1581,1465,957,928,43,97,3,5636,146000,17,21,20,30,30,29,72,66,91,67,88,53,81,61,27,60
Kono,Lei,2023,February,938,904,626,598,30,71,2,3515,146000,20,22,20,21,22,21,74,69,89,64,84,47,86,71,40,55
Kono,Lei,2023,March,720,633,356,350,19,33,1,2781,146000,19,16,21,31,27,31,75,65,93,56,85,41,76,63,34,69
Kono,Lei,2023,April,1415,1219,750,737,44,61,1,5767,146000,17,16,20,25,22,28,79,65,93,59,89,43,82,66,31,57
Kono,Lei,2023,May,2336,2287,1464,1459,106,166,4,9731,146000,19,21,18,22,26,27,76,76,94,71,86,40,77,58,35,65
Kono,Lei,2023,June,2075,2029,1374,1334,96,140,4,8557,146000,22,23,18,31,31,24,71,67,91,60,86,54,86,73,22,55
Kono,Lei,2023,July,1461,1399,949,945,32,88,3,5692,146000,21,20,20,26,26,30,73,64,88,60,84,38,83,73,24,67
Kono,Lei,2023,August,1494,1278,816,784,88,92,2,5323,146000,22,17,18,31,22,29,77,65,90,66,83,56,78,67,34,57
Kono,Lei,2023,September,1425,1341,870,830,56,84,2,5309,146000,18,22,19,31,32,25,80,76,94,60,83,46,77,66,40,53
Kono,Lei,2023,October,1795,1739,1244,1211,99,121,4,7288,146000,23,16,18,30,29,26,81,75,92,61,87,56,80,63,26,51
Kono,Lei,2023,November,1022,935,644,641,39,73,3,3896,146000,15,22,21,23,25,27,81,67,94,58,83,43,81,60,22,67
Kono,Lei,2023,December,850,793,473,451,32,38,1,3078,146000,23,19,20,24,30,27,81,71,91,70,86,40,83,59,23,58
Kono,Nimikoro,2023,January,985,848,507,501,23,53,2,3564,146000,16,21,18,24,21,31,73,75,94,68,89,60,80,72,35,56
Kono,Nimikoro,2023,February,1240,1173,833,819,59,89,3,4600,146000,18,19,20,30,23,31,73,63,89,65,89,60,80,58,40,51
Kono,Nimikoro,2023,March,1209,1147,722,708,44,63,2,4408,146000,20,20,18,22,21,31,71,69,94,60,85,51,85,62,40,63
Kono,Nimikoro,2023,April,1134,996,645,623,42,77,2,4669,146000,17,18,18,24,23,24,77,68,93,71,87,36,83,65,39,55
Kono,Nimikoro,2023,May,2975,2804,1896,1813,88,216,8,11701,146000,22,21,21,22,31,22,78,68,88,67,86,57,80,71,36,66
Kono,Nimikoro,2023,June,1327,1166,851,827,63,100,3,4946,146000,18,20,18,24,31,25,72,64,94,56,89,52,85,69,37,55
Kono,Nimikoro,2023,July,3118,2957,2179,2158,125,230,11,12873,146000,22,16,21,23,29,29,75,74,90,71,89,54,83,70,35,67
Kono,Nimikoro,2023,August,1411,1381,806,780,74,75,3,5156,146000,25,18,18,23,28,24,72,69,90,58,85,56,79,70,37,52
Kono,Nimikoro,2023,September,2992,2929,1843,1775,108,187,7,12353,146000,14,18,21,29,27,31,74,65,90,68,86,51,85,61,37,65
Kono,Nimikoro,2023,October,2721,2618,1817,1744,96,197,6,9772,146000,22,18,21,29,22,30,74,72,91,64,87,60,80,62,40,52
Kono,Nimikoro,2023,November,1601,1365,899,861,89,100,2,6124,146000,25,20,20,30,25,24,76,68,91,65,86,38,82,62,33,61
Kono,Nimikoro,2023,December,863,744,521,504,51,49,1,3563,146000,16,16,20,22,25,25,71,63,93,67,85,46,86,62,40,65
Western Area,Urban,2023,January,1585,1383,938,903,36,111,3,6567,1580000,15,20,20,23,24,30,72,69,92,68,82,56,78,72,35,52
Western Area,Urban,2023,February,918,874,576,550,46,51,1,3422,1580000,17,19,20,28,31,21,75,71,91,61,84,55,78,66,23,49
Western Area,Urban,2023,March,1031,1003,691,661,28,73,3,3692,1580000,19,16,21,22,24,26,73,76,94,59,87,47,76,66,31,60
Western Area,Urban,2023,April,1178,1059,700,672,24,63,2,4479,1580000,15,16,21,27,21,29,74,65,90,58,85,60,83,70,27,61
Western Area,Urban,2023,May,2595,2441,1830,1788,133,172,6,9791,1580000,24,17,18,21,25,24,72,69,89,56,85,44,77,62,40,61
Western Area,Urban,2023,June,2087,1814,1266,1258,85,110,4,7391,1580000,25,18,21,28,25,25,76,74,89,63,83,53,81,72,40,58
Western Area,Urban,2023,July,2322,2244,1480,1472,137,156,6,9454,1580000,25,21,19,30,27,28,72,75,93,68,86,47,80,60,40,58
Western Area,Urban,2023,August,1985,1942,1378,1356,56,163,7,7440,1580000,21,22,18,29,29,26,72,66,90,61,85,54,81,66,38,55
Western Area,Urban,2023,September,1791,1597,1115,1073,51,93,4,6617,1580000,14,18,18,24,29,29,81,76,93,71,90,39,80,61,39,62
Western Area,Urban,2023,October,2533,2206,1368,1350,144,155,3,9912,1580000,21,18,20,30,31,23,74,71,91,65,89,42,82,58,40,61
Western Area,Urban,2023,November,690,640,370,361,26,33,1,2575,1580000,24,19,20,28,26,29,73,66,91,67,84,48,83,72,38,56
Western Area,Urban,2023,December,924,876,633,605,45,61,2,3776,1580000,19,21,19,30,23,27,78,72,88,66,89,59,85,66,31,64
Western Area,Rural,2023,January,1347,1214,713,701,46,74,2,4804,1580000,18,16,21,29,24,29,72,65,90,62,86,52,76,73,34,60
Western Area,Rural,2023,February,1611,1460,1082,1035,80,108,5,6736,1580000,22,23,21,27,30,31,81,63,88,61,83,39,85,63,21,61
Western Area,Rural,2023,March,1614,1420,840,813,87,98,2,6208,1580000,21,19,20,25,26,23,74,75,88,59,88,58,82,59,34,60
Western Area,Rural,2023,April,853,728,459,444,21,38,1,3170,1580000,20,19,19,30,29,29,79,68,89,66,89,36,85,58,22,66
Western Area,Rural,2023,May,2136,1956,1115,1079,101,90,3,8782,1580000,24,21,18,24,32,26,73,67,93,56,90,41,83,60,29,63
Western Area,Rural,2023,June,1280,1150,699,697,58,80,2,4518,1580000,23,19,21,26,28,28,71,73,89,66,85,39,78,62,28,58
Western Area,Rural,2023,July,2932,2737,1936,1882,127,220,4,10461,1580000,16,21,18,24,24,22,79,74,89,70,83,37,84,64,40,57
Western Area,Rural,2023,August,2525,2199,1621,1569,54,181,5,8931,1580000,18,21,19,24,24,23,73,73,94,71,86,45,84,63,32,55
Western Area,Rural,2023,September,2952,2789,1657,1616,165,143,5,10823,1580000,15,21,18,22,21,23,81,63,94,68,82,56,84,58,33,53
Western Area,Rural,2023,October,2374,2245,1427,1403,128,152,5,9594,1580000,21,16,20,30,29,24,80,76,94,64,89,54,82,73,40,61
Western Area,Rural,2023,November,839,803,600,595,31,69,2,3004,1580000,15,21,20,26,30,25,76,72,91,64,85,52,83,65,24,69
Western Area,Rural,2023,December,1362,1311,930,909,34,100,4,5130,1580000,18,22,21,28,31,32,81,63,92,66,82,45,85,70,40,58
Port Loko,Buya Romende,2023,January,1611,1435,944,912,35,89,2,5644,145000,17,17,20,25,26,32,78,72,89,68,82,48,82,61,28,52
Port Loko,Buya Romende,2023,February,1116,1036,698,697,57,73,3,4434,145000,16,18,20,27,30,29,73,70,91,61,84,36,83,70,22,55
Port Loko,Buya Romende,2023,March,849,804,516,503,44,58,2,3301,145000,20,22,20,30,27,26,78,71,91,63,89,57,82,67,34,59
Port Loko,Buya Romende,2023,April,1306,1143,679,655,61,79,2,4717,145000,25,21,18,24,30,29,75,70,89,71,82,47,80,62,24,57
Port Loko,Buya Romende,2023,May,1319,1164,869,850,33,91,2,4638,145000,25,20,19,22,24,21,81,70,92,68,84,44,76,70,40,62
Port Loko,Buya Romende,2023,June,1910,1850,1299,1254,111,118,5,7059,145000,16,16,20,22,25,30,76,70,90,64,87,52,85,71,36,62
Port Loko,Buya Romende,2023,July,2686,2351,1754,1710,117,167,4,10793,145000,22,18,18,32,26,27,80,65,92,69,84,47,77,65,26,63
Port Loko,Buya Romende,2023,August,2316,2082,1529,1489,98,170,6,9301,145000,21,22,19,26,21,27,81,71,91,59,83,37,80,73,25,50
Port Loko,Buya Romende,2023,September,1858,1779,1076,1031,104,93,4,7422,145000,23,22,20,23,22,30,73,69,89,60,83,39,82,69,27,54
Port Loko,Buya Romende,2023,October,2405,2149,1434,1406,61,129,5,8974,145000,24,18,18,30,22,28,79,75,88,70,88,59,78,59,34,49
Port Loko,Buya Romende,2023,November,1336,1145,784,752,37,73,1,5286,145000,20,20,21,26,29,25,75,63,90,69,90,43,83,59,40,63
Port Loko,Buya Romende,2023,December,1093,1020,722,716,34,64,2,4131,145000,24,19,19,30,30,27,74,67,92,56,85,52,79,72,40,50
Port Loko,Kaffu Bullom,2023,January,1191,1166,848,829,27,85,2,4701,145000,22,18,20,29,25,28,71,64,94,64,86,42,85,64,29,58
Port Loko,Kaffu Bullom,2023,February,674,600,357,340,18,30,1,2504,145000,15,19,18,24,25,27,80,69,90,70,88,50,80,68,39,63
Port Loko,Kaffu Bullom,2023,March,1385,1292,805,772,74,85,3,5606,145000,25,23,18,27,29,23,77,73,92,65,87,38,77,60,38,60
Port Loko,Kaffu Bullom,2023,April,1620,1569,916,912,93,106,4,6597,145000,17,20,18,28,22,23,77,70,92,70,85,42,79,71,33,54
Port Loko,Kaffu Bullom,2023,May,3114,2667,1545,1502,157,157,3,10959,145000,17,22,20,28,27,28,71,65,90,69,82,44,79,63,38,53
Port Loko,Kaffu Bullom,2023,June,1783,1530,941,928,63,93,1,6987,145000,23,19,20,29,24,31,75,66,91,61,82,59,85,71,37,65
Port Loko,Kaffu Bullom,2023,July,2353,2178,1420,1393,104,129,2,8680,145000,24,22,21,24,31,27,78,67,88,59,88,48,81,65,37,51
Port Loko,Kaffu Bullom,2023,August,1821,1699,1104,1094,104,115,4,6957,145000,23,18,19,25,24,24,77,67,90,70,83,51,79,71,37,55
Port Loko,Kaffu Bullom,2023,September,2246,2162,1619,1552,133,134,4,7989,145000,18,17,18,27,24,23,76,74,91,59,89,58,76,72,40,61
Port Loko,Kaffu Bullom,2023,October,1950,1828,1225,1209,68,118,5,7788,145000,16,20,21,22,25,28,76,64,90,56,84,49,76,69,25,64
Port Loko,Kaffu Bullom,2023,November,1660,1425,916,888,78,78,1,6220,145000,25,21,18,22,31,26,81,73,92,70,89,58,76,66,38,49
Port Loko,Kaffu Bullom,2023,December,1454,1422,888,870,79,91,2,6047,145000,23,18,20,31,25,22,75,68,93,58,85,37,76,61,40,49
Port Loko,Lokomasama,2023,January,1389,1352,893,849,39,79,2,5111,145000,23,16,18,25,31,31,81,74,93,60,87,40,84,60,22,58
Port Loko,Lokomasama,2023,February,1070,1033,617,603,21,70,2,4047,145000,24,16,18,29,30,25,81,69,91,58,82,47,82,71,39,50
Port Loko,Lokomasama,2023,March,1540,1428,904,876,43,82,3,5536,145000,17,21,18,21,24,23,72,72,91,60,86,48,79,61,27,65
Port Loko,Lokomasama,2023,April,1064,962,673,643,31,56,1,3843,145000,23,22,20,25,29,30,77,73,92,56,84,54,85,63,21,60
Port Loko,Lokomasama,2023,May,2387,2303,1377,1317,80,115,2,9221,145000,20,19,18,25,29,24,79,72,90,65,83,54,80,66,21,54
Port Loko,Lokomasama,2023,June,2085,1887,1153,1138,115,105,2,8573,145000,25,16,19,28,22,23,72,75,93,60,85,44,77,60,40,68
Port Loko,Lokomasama,2023,July,1809,1746,1183,1130,85,101,2,6856,145000,21,17,21,29,21,28,74,69,93,71,90,58,79,66,32,53
Port Loko,Lokomasama,2023,August,2217,2030,1468,1440,79,124,4,8565,145000,16,21,18,24,25,28,72,68,92,69,90,57,84,71,30,64
Port Loko,Lokomasama,2023,September,2400,2231,1441,1392,120,150,3,8497,145000,22,17,21,26,29,29,80,70,90,59,83,41,83,72,40,65
Port Loko,Lokomasama,2023,October,1466,1309,758,756,29,62,2,5839,145000,17,20,21,24,26,23,80,76,91,68,85,44,85,60,29,60
Port Loko,Lokomasama,2023,November,1301,1170,875,841,73,88,3,4873,145000,25,19,19,27,22,26,80,71,90,67,85,36,79,59,40,53
Port Loko,Lokomasama,2023,December,748,731,519,513,34,41,1,2900,145000,23,18,20,23,27,24,76,65,91,62,86,47,85,66,34,54
Bo,Bumpe Ngao,2024,January,756,726,431,410,31,41,1,3107,186000,18,12,15,17,17,18,86,82,96,72,91,60,82,74,29,68
Bo,Bumpe Ngao,2024,February,1519,1324,772,766,74,70,3,5665,186000,16,13,14,22,17,19,86,76,98,62,90,59,91,65,40,56
Bo,Bumpe Ngao,2024,March,756,708,394,374,43,42,1,2735,186000,12,15,14,16,18,17,82,72,95,69,91,45,82,75,40,61
Bo,Bumpe Ngao,2024,April,1065,982,555,535,51,60,2,4286,186000,17,14,14,22,18,16,83,74,95,68,92,60,88,73,35,74
Bo,Bumpe Ngao,2024,May,3272,3036,1852,1787,155,201,6,11513,186000,14,12,15,15,22,21,77,80,97,68,88,47,85,68,40,69
Bo,Bumpe Ngao,2024,June,1960,1865,1293,1286,55,131,2,7776,186000,17,16,15,20,15,16,83,81,98,64,91,54,90,67,38,65
Bo,Bumpe Ngao,2024,July,1395,1328,814,798,34,79,3,5820,186000,11,13,15,16,19,18,81,80,94,68,96,58,83,65,32,73
Bo,Bumpe Ngao,2024,August,3100,2791,1768,1724,89,201,4,12888,186000,13,17,16,20,18,22,80,79,98,73,88,59,84,66,37,61
Bo,Bumpe Ngao,2024,September,1714,1652,1155,1148,82,117,5,6736,186000,16,15,16,17,20,19,85,78,94,65,96,45,86,67,40,65
Bo,Bumpe Ngao,2024,October,1869,1828,1028,977,53,119,3,7106,186000,17,12,15,18,21,20,82,74,97,72,96,53,90,70,39,70
Bo,Bumpe Ngao,2024,November,1260,1173,652,650,72,56,1,4724,186000,11,17,13,17,15,22,80,80,98,70,96,55,92,77,40,74
Bo,Bumpe Ngao,2024,December,1378,1209,828,824,60,74,1,5426,186000,12,12,14,16,20,17,77,72,97,71,91,46,87,64,40,64
Bo,Kakua,2024,January,1163,1009,718,684,58,75,2,4420,186000,18,14,14,15,22,20,82,79,98,77,91,55,87,71,28,67
Bo,Kakua,2024,February,1070,1005,600,589,36,56,2,3960,186000,16,16,15,19,19,21,85,80,97,68,91,45,87,72,40,57
Bo,Kakua,2024,March,1039,944,635,610,37,57,1,3795,186000,15,13,14,17,18,17,79,74,98,66,96,60,92,69,34,59
Bo,Kakua,2024,April,1395,1348,860,841,36,89,2,5043,186000,12,16,14,16,15,17,77,82,96,66,95,60,82,65,40,57
Bo,Kakua,2024,May,2079,1973,1344,1343,97,127,6,8436,186000,13,17,15,22,20,16,83,81,95,68,91,60,86,65,40,74
Bo,Kakua,2024,June,2926,2692,1864,1785,126,156,4,10612,186000,14,13,14,17,16,15,86,81,98,62,90,43,84,66,40,62
Bo,Kakua,2024,July,1651,1487,874,868,45,85,1,6870,186000,16,14,15,22,19,19,78,70,98,74,93,50,90,78,40,75
Bo,Kakua,2024,August,2750,2385,1484,1434,89,122,5,10875,186000,12,17,15,22,17,16,81,80,94,75,89,59,84,68,40,59
Bo,Kakua,2024,September,1566,1376,904,899,36,97,2,5794,186000,18,12,15,20,17,15,86,73,96,67,90,60,88,77,34,62
Bo,Kakua,2024,October,1669,1622,1150,1147,73,118,2,6615,186000,18,15,16,18,15,17,85,80,98,77,88,58,86,69,40,75
Bo,Kakua,2024,November,1572,1489,900,895,41,81,2,6107,186000,12,17,15,20,16,16,78,78,95,69,92,55,92,65,40,60
Bo,Kakua,2024,December,1434,1293,957,949,31,85,3,5381,186000,19,15,15,22,21,16,87,74,95,76,88,51,87,76,36,73
Bo,Tikonko,2024,January,1562,1388,974,941,50,94,3,6406,186000,12,15,13,17,16,17,86,78,97,62,95,52,85,75,30,75
Bo,Tikonko,2024,February,865,809,546,529,24,46,1,3522,186000,16,14,13,22,18,18,86,72,98,66,94,49,85,69,40,75
Bo,Tikonko,2024,March,1641,1560,1107,1073,47,105,2,6214,186000,17,14,14,20,16,19,86,73,96,67,89,48,91,79,35,55
Bo,Tikonko,2024,April,1187,1116,642,618,26,68,3,4729,186000,17,17,15,19,19,20,81,75,97,75,91,60,91,76,30,68
Bo,Tikonko,2024,May,2287,1967,1422,1385,131,141,3,8614,186000,17,17,15,21,22,17,77,75,98,65,90,52,82,64,40,63
Bo,Tikonko,2024,June,1488,1278,893,865,39,104,2,5307,186000,19,15,14,18,20,18,87,72,96,68,90,56,92,77,40,58
Bo,Tikonko,2024,July,2185,2095,1163,1146,44,116,5,9155,186000,13,16,15,18,20,18,85,77,98,66,93,44,91,77,32,66
Bo,Tikonko,2024,August,1713,1587,912,877,97,94,3,6490,186000,10,15,13,21,17,19,81,82,96,68,91,52,83,78,33,72
Bo,Tikonko,2024,September,2727,2463,1385,1375,116,113,4,9964,186000,15,14,15,22,20,16,84,71,96,70,91,60,88,76,35,56
Bo,Tikonko,2024,October,3124,2901,1754,1709,91,189,5,12612,186000,19,17,15,20,21,21,84,72,98,74,90,46,82,65,34,71
Bo,Tikonko,2024,November,1327,1235,895,863,60,93,3,4905,186000,10,16,14,21,21,21,85,77,96,71,96,55,86,64,37,57
Bo,Tikonko,2024,December,705,613,456,439,36,50,1,2482,186000,13,16,14,15,22,17,77,69,98,67,96,60,89,69,40,71
Bo,Valunia,2024,January,708,657,411,398,34,47,1,2803,186000,11,17,14,18,19,20,81,79,98,68,91,43,87,66,31,72
Bo,Valunia,2024,February,1415,1314,848,845,63,95,2,5608,186000,18,14,15,20,19,20,84,77,96,62,96,43,84,77,36,64
Bo,Valunia,2024,March,1684,1538,1098,1072,69,98,4,6707,186000,19,15,13,18,15,17,80,80,98,68,95,60,90,66,27,73
Bo,Valunia,2024,April,1748,1665,1084,1057,62,108,4,6596,186000,16,14,15,20,17,18,79,73,95,77,91,60,85,67,40,73
Bo,Valunia,2024,May,1965,1902,1086,1079,48,98,3,7445,186000,13,15,14,18,16,16,82,80,95,63,92,60,84,64,35,73
Bo,Valunia,2024,June,3116,2710,1899,1849,164,204,6,11080,186000,10,12,16,20,21,19,78,69,95,63,93,59,86,64,37,56
Bo,Valunia,2024,July,3129,2976,1867,1796,88,152,4,12947,186000,16,14,16,21,15,16,80,79,98,66,93,44,87,66,40,61
Bo,Valunia,2024,August,2684,2573,1921,1881,64,157,4,10751,186000,17,15,15,22,21,18,86,72,94,75,89,57,83,65,40,74
Bo,Valunia,2024,September,2798,2385,1701,1661,112,158,5,11722,186000,12,14,13,22,20,16,81,74,97,77,89,42,91,74,40,62
Bo,Valunia,2024,October,2110,2030,1445,1439,74,156,6,7590,186000,11,17,16,22,21,15,81,79,95,72,96,59,83,79,40,73
Bo,Valunia,2024,November,772,687,450,439,31,44,2,3231,186000,13,14,15,15,18,21,87,69,98,74,91,60,92,79,35,69
Bo,Valunia,2024,December,783,704,387,369,17,38,1,3010,186000,11,15,15,17,20,21,84,73,94,77,96,60,92,78,40,73
Kenema,Dama,2024,January,1251,1073,642,626,54,58,1,5235,177000,14,12,16,16,22,16,83,80,98,65,91,43,87,70,32,73
Kenema,Dama,2024,February,1525,1454,1051,1014,77,107,3,5461,177000,18,14,13,22,19,19,84,81,97,76,88,60,90,74,40,66
Kenema,Dama,2024,March,806,721,407,398,42,42,1,2842,177000,18,14,13,17,16,16,79,81,95,75,91,60,84,74,40,74
Kenema,Dama,2024,April,1658,1581,1038,1030,93,95,3,6168,177000,16,15,16,17,22,20,80,79,98,67,96,60,85,64,40,56
Kenema,Dama,2024,May,3054,2795,1804,1743,83,202,8,12341,177000,13,17,13,20,16,20,77,69,97,77,93,43,84,73,40,74
Kenema,Dama,2024,June,1430,1238,914,887,68,79,3,5306,177000,17,16,13,19,22,22,82,70,98,67,95,55,83,76,30,56
Kenema,Dama,2024,July,2238,2018,1502,1484,86,160,4,9244,177000,15,12,15,19,20,16,82,80,97,67,89,60,88,78,30,65
Kenema,Dama,2024,August,2118,2057,1482,1424,98,151,4,8038,177000,15,15,15,20,18,15,82,80,98,69,92,58,86,68,40,63
Kenema,Dama,2024,September,1584,1491,1089,1043,73,88,3,6436,177000,18,13,14,21,17,15,85,81,98,71,92,46,82,73,40,60
Kenema,Dama,2024,October,1903,1683,1178,1145,103,131,5,7125,177000,15,17,14,16,20,16,84,80,94,65,89,42,92,77,40,62
Kenema,Dama,2024,November,1672,1507,910,900,65,95,4,5879,177000,13,15,16,16,19,19,79,69,98,75,95,59,89,65,40,66
Kenema,Dama,2024,December,1385,1261,694,673,37,66,3,5136,177000,11,14,15,18,16,16,79,75,97,72,96,43,89,64,31,67
Kenema,Gaura,2024,January,808,726,420,406,17,49,2,2852,177000,11,13,14,22,19,19,82,76,97,68,89,59,87,68,34,74
Kenema,Gaura,2024,February,1524,1376,854,813,53,73,3,5461,177000,15,14,15,19,17,20,83,82,95,64,94,59,84,66,40,59
Kenema,Gaura,2024,March,970,945,565,539,48,61,2,3397,177000,12,17,13,16,16,17,81,77,94,67,90,60,84,68,40,58
Kenema,Gaura,2024,April,1378,1263,894,893,41,73,1,5063,177000,14,17,14,20,15,16,86,71,98,77,93,49,91,67,40,64
Kenema,Gaura,2024,May,3175,2751,1955,1932,115,178,4,12332,177000,16,17,15,17,19,18,83,82,98,71,95,44,90,78,29,55
Kenema,Gaura,2024,June,1769,1651,1092,1056,100,111,2,6712,177000,18,15,16,18,20,19,78,76,96,74,95,59,82,70,40,57
Kenema,Gaura,2024,July,2760,2617,1655,1578,136,183,8,11253,177000,11,13,16,20,16,22,79,69,95,63,88,60,92,77,40,66
Kenema,Gaura,2024,August,3132,2690,1788,1786,124,147,5,11678,177000,13,12,15,22,15,22,86,71,96,75,89,49,85,65,35,73
Kenema,Gaura,2024,September,1832,1623,965,956,69,86,4,6951,177000,15,17,15,22,20,16,81,75,95,77,96,49,88,79,35,56
Kenema,Gaura,2024,October,1759,1657,1227,1216,46,99,4,6876,177000,17,15,14,21,22,19,85,82,95,68,93,55,91,73,40,64
Kenema,Gaura,2024,November,1672,1461,960,946,36,114,3,6140,177000,18,12,14,19,15,21,86,77,98,63,95,58,88,71,40,64
Kenema,Gaura,2024,December,879,833,612,601,29,68,2,3494,177000,15,13,15,17,15,19,78,72,96,77,96,60,84,75,31,70
Kenema,Kandu Leppiama,2024,January,718,688,422,416,37,41,1,2527,177000,17,16,15,22,21,22,84,80,95,73,96,51,90,68,40,56
Kenema,Kandu Leppiama,2024,February,1122,963,674,645,34,67,3,4483,177000,13,16,16,19,22,16,84,80,98,68,94,51,84,74,37,66
Kenema,Kandu Leppiama,2024,March,905,804,529,512,36,47,2,3583,177000,16,12,16,21,17,16,77,80,98,65,92,55,83,66,38,67
Kenema,Kandu Leppiama,2024,April,1585,1523,1117,1070,45,122,4,5954,177000,11,16,14,20,17,19,77,75,98,69,92,52,90,73,29,70
Kenema,Kandu Leppiama,2024,May,2051,1987,1338,1336,107,114,2,7252,177000,13,14,13,18,17,20,78,81,98,70,92,45,91,66,29,69
Kenema,Kandu Leppiama,2024,June,2703,2387,1695,1633,91,145,3,9486,177000,16,15,15,19,15,15,87,79,96,67,88,45,84,79,40,66
Kenema,Kandu Leppiama,2024,July,1865,1587,1092,1079,51,129,2,7304,177000,14,17,15,15,19,15,82,81,94,63,90,53,88,73,34,62
Kenema,Kandu Leppiama,2024,August,1749,1517,1034,1020,79,123,5,6170,177000,11,13,14,20,19,20,77,79,98,75,88,54,85,71,40,55
Kenema,Kandu Leppiama,2024,September,1615,1423,1009,981,88,105,3,6143,177000,12,17,13,16,20,21,84,80,95,64,92,60,84,69,27,67
Kenema,Kandu Leppiama,2024,October,2053,1853,1151,1118,44,110,3,7482,177000,14,15,16,22,17,18,80,80,97,63,88,48,91,67,40,66
Kenema,Kandu Leppiama,2024,November,1718,1556,1013,976,49,107,3,6424,177000,18,15,15,21,18,20,86,69,98,73,88,44,88,76,27,70
Kenema,Kandu Leppiama,2024,December,1496,1291,733,701,40,75,1,6120,177000,11,17,15,16,17,20,85,73,94,72,89,53,87,70,33,75
Kenema,Nomo,2024,January,964,873,579,572,46,55,1,3574,177000,14,16,15,20,17,16,81,76,95,67,91,60,85,74,40,58
Kenema,Nomo,2024,February,1600,1502,989,966,81,98,4,5956,177000,16,12,15,18,16,16,77,75,98,63,89,60,83,69,40,56
Kenema,Nomo,2024,March,1299,1127,807,786,59,68,1,4745,177000,15,14,13,16,16,19,78,71,98,63,93,55,88,68,38,64
Kenema,Nomo,2024,April,1244,1159,745,725,69,64,1,5023,177000,15,16,14,18,22,17,86,72,97,72,91,59,91,75,40,72
Kenema,Nomo,2024,May,3057,2820,2030,1938,112,218,9,12837,177000,13,13,14,18,19,19,84,71,98,77,96,60,87,68,40,68
Kenema,Nomo,2024,June,2637,2438,1758,1695,93,169,8,10120,177000,15,17,16,18,19,17,78,77,96,65,96,44,82,70,29,60
Kenema,Nomo,2024,July,2109,1959,1208,1202,102,114,2,7593,177000,17,13,15,15,21,17,85,82,95,66,94,60,90,68,40,74
Kenema,Nomo,2024,August,2503,2152,1561,1515,81,153,6,9095,177000,10,15,14,21,16,22,84,78,98,76,90,42,85,66,40,61
Kenema,Nomo,2024,September,2706,2508,1551,1535,83,153,5,10363,177000,19,16,15,22,16,20,87,75,96,73,92,57,86,72,38,64
Kenema,Nomo,2024,October,2012,1729,1208,1157,60,141,6,7439,177000,10,15,14,18,18,15,82,72,98,65,93,58,89,67,33,69
Kenema,Nomo,2024,November,1606,1497,1032,984,53,102,2,6132,177000,14,14,13,15,19,18,79,73,95,63,90,54,85,67,37,65
Kenema,Nomo,2024,December,1620,1508,847,816,86,71,2,6548,177000,17,14,14,15,16,19,87,79,94,67,96,42,83,76,40,58
Kono,Gbane,2024,January,1365,1196,849,824,81,78,2,4916,146000,16,13,14,22,19,22,80,79,96,77,94,60,89,73,40,69
Kono,Gbane,2024,February,731,625,386,367,20,45,0,2750,146000,14,12,13,19,19,19,79,77,97,64,92,46,86,65,40,59
Kono,Gbane,2024,March,1525,1411,1049,1014,53,120,5,6346,146000,11,17,14,17,20,22,87,78,96,71,96,60,82,65,27,66
Kono,Gbane,2024,April,780,688,395,394,34,37,0,2892,146000,18,13,14,17,16,21,77,72,96,73,89,60,88,69,40,61
Kono,Gbane,2024,May,2476,2365,1563,1543,88,186,5,10007,146000,14,15,15,20,15,17,87,73,95,73,90,43,92,70,39,58
Kono,Gbane,2024,June,2011,1761,1143,1129,52,109,2,7706,146000,19,13,15,16,22,21,84,72,98,67,89,56,92,75,31,66
Kono,Gbane,2024,July,2036,1853,1368,1307,55,124,3,7367,146000,12,17,15,16,20,19,81,78,98,69,96,60,91,78,40,58
Kono,Gbane,2024,August,2775,2485,1827,1771,139,162,6,10099,146000,10,13,15,19,18,20,81,69,98,71,93,42,82,71,29,58
Kono,Gbane,2024,September,1355,1300,723,707,33,58,2,5158,146000,14,12,16,19,15,22,86,76,96,72,89,60,92,76,39,66
Kono,Gbane,2024,October,3197,3100,1915,1904,76,225,4,13026,146000,14,12,14,20,20,22,84,79,98,73,94,60,91,71,32,68
Kono,Gbane,2024,November,1340,1194,719,716,75,61,2,4801,146000,11,13,14,17,16,19,81,72,94,64,91,58,89,74,40,63
Kono,Gbane,2024,December,1553,1508,894,880,89,82,2,5714,146000,15,14,15,18,17,18,79,73,96,71,88,60,83,77,30,60
Kono,Gbense,2024,January,1622,1469,908,894,48,107,4,6472,146000,18,14,14,22,20,19,80,72,95,67,96,57,89,74,40,71
Kono,Gbense,2024,February,1455,1274,907,896,39,99,3,5661,146000,13,15,15,17,15,19,85,70,94,76,93,60,86,77,40,62
Kono,Gbense,2024,March,1276,1185,827,825,56,70,2,4986,146000,18,16,15,19,22,18,83,71,94,74,94,49,84,69,38,71
Kono,Gbense,2024,April,1060,996,634,615,22,67,2,3902,146000,12,15,14,20,15,16,87,76,97,70,96,54,84,75,27,60
Kono,Gbense,2024,May,2724,2628,1854,1773,96,161,6,10186,146000,11,14,15,22,21,19,78,82,94,67,88,56,87,76,38,65
Kono,Gbense,2024,June,2241,2068,1276,1222,71,137,6,8713,146000,17,15,13,17,17,21,79,69,97,68,88,43,91,77,40,61
Kono,Gbense,2024,July,2991,2615,1540,1508,112,130,2,12174,146000,13,17,14,21,21,20,85,77,98,64,93,49,84,72,40,74
Kono,Gbense,2024,August,2223,2166,1428,1362,111,159,5,7889,146000,18,17,15,21,15,21,82,77,97,66,89,60,90,74,32,59
Kono,Gbense,2024,September,2401,2230,1254,1247,58,138,5,8703,146000,14,13,14,20,15,22,81,71,94,69,92,60,91,69,40,65
Kono,Gbense,2024,October,1427,1228,830,829,34,80,3,5369,146000,12,12,13,16,19,21,78,79,98,73,96,54,88,74,40,58
Kono,Gbense,2024,November,1731,1669,973,966,80,105,2,6670,146000,13,12,16,19,17,18,86,72,95,77,94,55,88,78,37,57
Kono,Gbense,2024,December,1192,1105,770,738,60,88,2,4183,146000,18,14,16,17,22,17,81,81,96,76,89,60,87,65,34,66
Kono,Lei,2024,January,1684,1570,1145,1098,68,101,3,6021,146000,14,16,15,22,17,15,78,78,98,72,92,60,87,68,32,61
Kono,Lei,2024,February,946,859,538,528,46,52,2,3917,146000,17,14,15,17,16,18,81,78,98,69,95,44,85,71,40,62
Kono,Lei,2024,March,1708,1660,1097,1059,73,114,3,6878,146000,14,16,15,17,21,17,83,77,97,69,96,52,85,65,40,70
Kono,Lei,2024,April,1659,1528,1031,1002,70,83,2,6355,146000,16,13,16,15,16,19,77,71,98,63,90,53,90,79,40,55
Kono,Lei,2024,May,2065,1951,1110,1105,52,112,3,8599,146000,11,13,14,15,20,17,79,74,98,77,95,44,89,73,35,70
Kono,Lei,2024,June,1670,1488,944,929,95,108,3,6912,146000,17,13,13,18,17,20,81,72,98,77,94,47,85,76,40,68
Kono,Lei,2024,July,2230,1947,1385,1323,75,124,5,8244,146000,13,16,14,16,16,17,84,76,97,67,89,44,85,76,27,65
Kono,Lei,2024,August,1518,1380,793,766,76,74,2,6303,146000,14,17,14,20,18,19,87,76,98,70,94,60,90,64,29,68
Kono,Lei,2024,September,2474,2261,1322,1288,77,108,4,10047,146000,17,17,15,22,19,20,78,70,95,67,95,60,84,70,40,69
Kono,Lei,2024,October,1474,1382,1023,999,66,108,2,6003,146000,17,13,13,21,18,19,85,74,95,69,90,60,87,78,30,66
Kono,Lei,2024,November,1482,1441,997,991,87,98,2,5221,146000,15,16,15,17,18,18,85,74,97,74,95,60,86,68,35,56
Kono,Lei,2024,December,1756,1576,935,913,85,107,3,6929,146000,14,12,16,16,22,19,77,80,95,76,92,49,83,70,40,69
Kono,Nimikoro,2024,January,840,732,530,520,21,51,1,3242,146000,19,17,15,22,22,15,78,73,95,70,95,42,83,69,40,68
Kono,Nimikoro,2024,February,1695,1443,983,947,67,98,4,6785,146000,13,12,13,17,15,15,82,73,98,72,88,58,82,76,38,72
Kono,Nimikoro,2024,March,1713,1603,936,898,87,97,3,6240,146000,11,14,13,18,20,18,79,69,95,65,89,51,87,72,29,74
Kono,Nimikoro,2024,April,865,782,585,557,28,56,1,3627,146000,11,14,14,19,22,17,77,82,94,65,89,59,91,68,40,72
Kono,Nimikoro,2024,May,1528,1423,933,925,72,99,2,5441,146000,18,15,14,18,15,22,84,75,98,76,89,43,92,75,28,60
Kono,Nimikoro,2024,June,3151,2954,1895,1827,84,193,7,12777,146000,15,12,15,18,17,21,80,81,96,75,92,50,91,69,36,69
Kono,Nimikoro,2024,July,1925,1816,1220,1189,42,116,3,7967,146000,16,12,13,15,18,19,86,81,94,69,93,58,91,70,28,59
Kono,Nimikoro,2024,August,2939,2768,1664,1624,174,152,5,10986,146000,17,12,14,15,15,22,80,80,98,63,88,60,83,75,40,73
Kono,Nimikoro,2024,September,1435,1323,779,775,35,77,2,5394,146000,16,13,16,17,18,17,78,74,94,65,90,49,83,72,40,71
Kono,Nimikoro,2024,October,2046,1940,1413,1407,68,161,4,8304,146000,14,13,15,22,20,22,79,71,97,66,96,48,87,69,30,75
Kono,Nimikoro,2024,November,1620,1471,847,825,64,86,3,6704,146000,15,16,16,19,20,20,87,82,94,66,95,49,90,67,40,63
Kono,Nimikoro,2024,December,1213,1072,660,646,68,76,3,4510,146000,10,15,16,16,17,19,85,76,95,77,94,42,85,72,40,72
Western Area,Urban,2024,January,1108,1010,558,554,65,59,1,4034,1580000,13,14,16,17,22,18,86,77,98,68,94,58,90,77,40,57
Western Area,Urban,2024,February,1418,1368,921,913,44,96,3,5910,1580000,15,14,15,19,21,15,87,73,98,73,95,51,82,67,33,55
Western Area,Urban,2024,March,1098,966,555,544,58,44,1,4246,1580000,11,12,14,15,16,15,82,75,98,74,94,60,92,75,30,72
Western Area,Urban,2024,April,1435,1366,797,782,85,86,3,5925,1580000,11,16,14,18,19,21,80,77,98,71,96,43,82,67,34,73
Western Area,Urban,2024,May,2170,1908,1300,1299,81,105,2,8845,1580000,11,12,16,15,16,20,80,76,98,71,91,60,89,67,40,70
Western Area,Urban,2024,June,2392,2226,1432,1379,77,155,3,8632,1580000,13,14,15,17,20,19,84,75,98,75,95,52,87,68,40,69
Western Area,Urban,2024,July,3147,2823,2030,1954,159,221,5,11020,1580000,12,17,14,22,20,17,86,71,98,62,93,57,87,74,36,58
Western Area,Urban,2024,August,2232,2162,1231,1227,76,109,4,8115,1580000,18,13,15,21,16,20,81,75,96,76,91,47,82,77,40,57
Western Area,Urban,2024,September,2561,2475,1753,1683,145,152,7,9447,1580000,18,16,14,18,17,21,82,73,94,72,95,60,89,72,40,73
Western Area,Urban,2024,October,2909,2645,1909,1887,141,207,8,11863,1580000,16,17,14,22,20,22,86,76,98,65,96,42,92,68,28,58
Western Area,Urban,2024,November,1583,1452,1015,990,44,121,5,6054,1580000,11,13,13,18,20,17,87,70,98,71,95,54,84,64,40,75
Western Area,Urban,2024,December,1470,1421,971,952,45,114,2,5685,1580000,18,17,15,17,20,18,78,71,95,73,93,54,82,64,40,75
Western Area,Rural,2024,January,1072,961,542,520,44,63,1,4222,1580000,16,15,13,20,21,15,78,77,96,77,92,59,83,69,40,60
Western Area,Rural,2024,February,1103,941,602,592,50,50,1,4076,1580000,13,15,15,16,15,15,79,73,94,72,89,51,89,68,31,65
Western Area,Rural,2024,March,1307,1129,677,669,73,70,1,5068,1580000,12,13,15,16,21,15,79,79,96,75,94,60,85,71,35,71
Western Area,Rural,2024,April,970,880,583,580,22,66,1,3485,1580000,14,13,15,15,16,16,83,73,96,71,96,42,84,68,40,62
Western Area,Rural,2024,May,1974,1902,1235,1174,102,116,4,7666,1580000,11,15,16,15,16,16,82,81,97,69,95,60,83,73,40,72
Western Area,Rural,2024,June,1675,1525,1067,1048,41,100,2,6762,1580000,10,16,14,21,19,17,77,71,98,64,89,45,84,70,40,75
Western Area,Rural,2024,July,2629,2542,1869,1835,136,219,6,10260,1580000,18,17,14,21,15,16,77,71,98,72,96,60,85,76,28,67
Western Area,Rural,2024,August,2614,2347,1434,1424,92,146,6,10086,1580000,16,14,15,20,18,19,87,79,94,69,89,54,92,66,40,74
Western Area,Rural,2024,September,2547,2413,1734,1673,85,161,6,10251,1580000,11,15,13,22,16,17,82,71,96,65,92,43,88,79,40,65
Western Area,Rural,2024,October,2009,1759,1317,1262,120,112,2,8248,1580000,15,15,15,21,21,16,79,75,98,73,91,60,87,68,29,66
Western Area,Rural,2024,November,775,668,473,471,27,47,1,3182,1580000,17,12,14,21,19,18,87,74,95,71,94,60,89,67,40,61
Western Area,Rural,2024,December,1680,1535,1027,1005,41,121,3,5885,1580000,16,16,13,16,18,21,77,78,97,73,89,56,82,73,32,56
Port Loko,Buya Romende,2024,January,805,732,434,428,28,41,1,3115,145000,12,16,14,21,20,18,79,82,98,65,95,60,85,76,32,65
Port Loko,Buya Romende,2024,February,1218,1075,720,705,33,64,2,4546,145000,18,17,14,18,18,19,82,77,98,72,88,60,92,66,33,63
Port Loko,Buya Romende,2024,March,1114,1065,640,638,40,74,2,4597,145000,15,14,16,15,20,16,77,75,96,68,89,60,88,70,40,56
Port Loko,Buya Romende,2024,April,1408,1347,975,968,36,84,3,5852,145000,18,12,13,18,21,16,80,73,94,68,92,60,92,74,36,61
Port Loko,Buya Romende,2024,May,3045,2766,1625,1572,65,174,6,11561,145000,15,17,15,19,20,20,83,77,95,71,93,55,89,76,40,71
Port Loko,Buya Romende,2024,June,2639,2285,1692,1636,110,159,5,9327,145000,12,14,15,16,18,18,81,75,98,75,88,45,83,69,40,55
Port Loko,Buya Romende,2024,July,1383,1339,885,845,44,105,3,5606,145000,16,13,14,15,19,16,82,74,95,67,92,60,88,79,40,56
Port Loko,Buya Romende,2024,August,1436,1398,824,783,48,98,3,5150,145000,15,16,13,18,18,15,83,79,94,69,96,51,87,67,29,73
Port Loko,Buya Romende,2024,September,2050,1905,1147,1111,48,92,2,8325,145000,13,14,14,16,21,19,79,80,98,76,95,57,89,78,31,73
Port Loko,Buya Romende,2024,October,1340,1226,804,775,68,67,2,5181,145000,18,14,13,18,21,20,84,78,95,62,88,60,86,69,40,72
Port Loko,Buya Romende,2024,November,889,842,493,471,51,55,1,3190,145000,19,16,13,17,18,16,85,78,98,74,95,42,91,79,37,58
Port Loko,Buya Romende,2024,December,1633,1507,998,951,92,85,4,5845,145000,10,16,15,19,15,21,87,75,95,66,92,50,83,71,40,72
Port Loko,Kaffu Bullom,2024,January,961,861,527,508,20,51,1,3812,145000,17,14,14,19,18,18,84,69,96,77,91,56,86,64,40,64
Port Loko,Kaffu Bullom,2024,February,1480,1334,985,940,84,105,4,5254,145000,16,12,14,21,16,20,83,78,98,76,92,59,87,68,34,73
Port Loko,Kaffu Bullom,2024,March,716,636,413,398,26,38,1,2767,145000,14,16,15,20,20,19,83,80,97,64,96,49,92,73,31,63
Port Loko,Kaffu Bullom,2024,April,1436,1317,964,958,53,101,3,5758,145000,11,13,14,16,17,22,80,69,95,72,94,51,90,64,40,69
Port Loko,Kaffu Bullom,2024,May,1951,1680,1228,1207,51,142,4,7532,145000,18,12,14,18,19,18,77,79,98,62,90,51,90,74,40,75
Port Loko,Kaffu Bullom,2024,June,3225,3143,2003,1964,75,238,9,11317,145000,15,14,13,20,17,22,79,74,98,64,94,60,85,72,40,75
Port Loko,Kaffu Bullom,2024,July,2080,1917,1314,1273,119,130,4,7865,145000,15,17,14,16,19,20,85,69,98,65,96,49,84,73,28,71
Port Loko,Kaffu Bullom,2024,August,2236,2112,1235,1201,107,144,5,7922,145000,14,13,14,22,20,22,80,73,95,64,92,58,84,65,40,66
Port Loko,Kaffu Bullom,2024,September,1720,1546,1135,1086,57,117,4,6187,145000,16,12,14,19,16,18,84,74,98,71,95,49,85,75,40,64
Port Loko,Kaffu Bullom,2024,October,2137,2010,1484,1450,60,170,6,7887,145000,18,16,14,17,16,20,86,80,98,64,88,45,91,67,40,74
Port Loko,Kaffu Bullom,2024,November,1362,1279,795,761,59,70,1,4879,145000,18,15,14,21,21,22,79,77,98,75,91,60,88,79,28,59
Port Loko,Kaffu Bullom,2024,December,1587,1465,1078,1077,89,114,4,5775,145000,13,15,16,20,16,18,86,71,97,62,93,42,90,74,39,74
Port Loko,Lokomasama,2024,January,1608,1507,900,880,48,83,3,6201,145000,11,17,15,22,17,18,79,72,97,67,89,60,88,73,40,56
Port Loko,Lokomasama,2024,February,1048,970,710,704,45,70,3,3960,145000,14,15,15,16,22,16,86,75,98,62,90,60,87,64,40,57
Port Loko,Lokomasama,2024,March,1257,1117,811,784,47,81,1,4821,145000,12,16,15,18,18,15,83,78,98,71,96,54,89,71,27,61
Port Loko,Lokomasama,2024,April,781,736,507,497,44,57,2,2926,145000,15,13,16,15,19,15,83,75,97,67,93,56,90,71,38,68
Port Loko,Lokomasama,2024,May,2481,2212,1402,1399,62,162,3,9434,145000,18,13,14,17,21,16,87,73,95,74,88,48,85,74,38,70
Port Loko,Lokomasama,2024,June,2030,1733,1198,1197,107,133,5,8082,145000,14,13,14,21,17,17,82,78,97,62,91,60,84,73,37,58
Port Loko,Lokomasama,2024,July,2790,2492,1403,1333,115,142,5,11241,145000,17,12,14,17,19,17,87,71,96,67,94,44,91,76,39,56
Port Loko,Lokomasama,2024,August,2241,2006,1410,1365,77,167,4,8196,145000,11,17,14,21,20,22,80,82,98,66,90,60,88,75,39,64
Port Loko,Lokomasama,2024,September,1635,1473,963,953,77,103,3,6786,145000,17,12,15,16,21,16,85,80,96,76,94,60,84,71,40,59
Port Loko,Lokomasama,2024,October,2418,2164,1435,1420,140,141,5,9787,145000,18,16,16,16,15,15,87,78,94,73,88,60,86,65,35,74
Port Loko,Lokomasama,2024,November,779,747,504,482,17,41,0,3234,145000,15,16,13,21,21,18,78,74,98,70,94,45,88,66,29,59
Port Loko,Lokomasama,2024,December,1565,1456,932,908,81,76,3,5660,145000,12,13,14,19,21,16,86,78,96,73,88,53,87,75,32,61
